Expression,# of ratings (n=),LitPlaus,LitPlausSD
Bare one's soul,102,1.412,0.871
Be a babe in the woods,103,3.369,1.482
Be a backseat driver,102,2.186,1.348
Be a bad apple in the barrel,106,2.255,1.519
Be a balancing act,106,3.585,1.351
Be a ball and chain,107,1.449,1.012
Be a ballpark figure,106,2.292,1.324
Be a basketcase,101,1.416,0.852
Be a bit much,101,2.644,1.411
Be a blast from the past,102,1.265,0.525
Be a blessing in disguise,107,2.14,1.335
Be a breath of fresh air,107,1.486,1.067
Be a breeze,102,2.608,1.605
Be a bumpy ride,100,4.67,0.805
Be a bundle of nerves,105,1.848,1.254
Be a busy bee,107,1.981,1.31
Be a can of worms,106,4.028,1.253
Be a carbon copy,105,4.086,1.178
Be a Catch 22,106,1.5,1.017
Be a cheap shot,106,2.981,1.537
Be a chink in someone's armor,102,4,1.282
Be a chip off the old block,104,1.596,1.075
Be a class act,106,2.358,1.402
Be a close call,103,2.728,1.503
Be a cog in the machine,105,1.876,1.253
Be a conversation piece,101,2.663,1.492
Be a couch potato,106,1.396,0.824
Be a creature of habit,105,2.943,1.329
Be a dark horse,105,2.971,1.649
Be a dead ringer for someone,106,1.726,1.134
Be a different animal,102,3.333,1.569
Be a done deal,106,3.123,1.535
Be a double whammy,106,1.962,1.179
Be a double-edged sword,105,4.305,1.128
Be a drag,106,1.811,1.147
Be a drop in the ocean,100,4.28,0.986
Be a fallen angel,106,1.509,1.115
Be a false alarm,107,3.514,1.369
Be a feather in one's cap,102,4.314,1.09
Be a flash in the pan,101,1.574,1.052
Be a glutton for punishment,106,2.142,1.253
Be a guinea pig,105,1.962,1.512
Be a happy medium,101,2.109,1.28
Be a hard act to follow,106,3.462,1.468
Be a hard sell,102,2.637,1.521
Be a household name,105,2.99,1.424
Be a jack of all trades,102,2.02,1.194
Be a knight in shining armor,104,3.577,1.356
Be a ladies' man,106,2.849,1.379
Be a lost cause,102,1.775,1.089
Be a mamma's boy,100,3.66,1.423
Be a melting pot,100,3.58,1.492
Be a mixed bag,102,1.461,0.897
Be a mutual admiration society,104,2.827,1.397
Be a needle in a haystack,107,4.346,1.029
Be a nervous wreck,104,1.702,1.069
Be a no-win situation,101,3.455,1.432
Be a one-man band,102,4.216,1.207
Be a party pooper,103,2.524,1.392
Be a piece of cake,105,3.914,1.381
Be a powder keg,102,2.618,1.665
Be a quick fix,107,3.729,1.307
Be a race against time,102,2.51,1.419
Be a ray of sunshine,105,1.514,1.03
Be a recipe for disaster,104,2.077,1.228
Be a recipe for success,105,2.39,1.267
Be a riot,106,1.5,0.886
Be a rule of thumb,105,1.943,1.183
Be a safe bet,106,2.811,1.598
Be a shadow of one's former self,102,1.471,0.817
Be a shot in the dark,102,4.186,1.106
Be a shoulder to cry on,102,3.657,1.525
Be a sight for sore eyes,106,3.047,1.348
Be a smart alec,106,2.491,1.205
Be a smooth ride,102,4.392,1.045
Be a step in the right direction,104,4.385,0.938
Be a stumbling block,105,3.343,1.46
Be a sucker for something,102,1.824,1.019
Be a thorn in one's side,103,3.049,1.7
Be a three-ring circus,102,3.059,1.54
Be a tough cookie,106,1.764,1.239
Be a vicious circle,106,1.792,1.177
Be a wet blanket,105,1.524,0.991
Be a wild card,102,1.51,0.962
Be a window of opportunity,105,1.857,1.196
Be a win-win situation,104,3.51,1.351
Be across the board,100,3.39,1.392
Be ahead of one's time,105,2.029,1.397
Be ahead of the game,102,2.618,1.415
Be alive and kicking,104,4.519,0.836
Be all doom and gloom,103,2.039,1.306
Be all dressed up with nowhere to go,103,4.427,1.006
Be all ears,106,1.434,1.06
Be all in a day's work,105,3.105,1.493
Be all over someone,105,4.057,1.134
Be all over the place,104,2.952,1.484
"Be all-singing, all-dancing",105,4.457,1
Be an acquired taste,106,2.745,1.448
Be an eager beaver,102,1.725,1.204
Be an early bird,102,2.069,1.373
Be an item,104,1.942,1.173
Be an open book,102,1.569,1.121
Be an unholy alliance,104,2.481,1.386
Be anybody's guess,106,4.113,1.252
Be as tough as boots,100,2.14,1.181
Be asking for it,100,4.24,1.156
Be at a loss for words,104,3.288,1.499
Be at death's door,103,1.534,0.968
Be at each other's throats,106,3.642,1.332
Be at one's wit's end,102,1.735,1.014
Be at someone's beck and call,101,2.337,1.38
Be at the back of one's mind,105,1.724,1.042
Be back at square one,102,2.784,1.439
Be behind something,106,4.226,1.221
Be bent on doing something,107,1.729,1.069
Be big on something,104,1.731,0.988
Be cannon fodder,101,1.96,1.296
Be caught napping,103,4.68,0.854
Be caught short,104,1.962,1.07
Be climbing the walls,102,4.225,1.142
Be close to one's heart,106,3.915,1.204
Be clued in about something,106,3.113,1.389
Be dead in the water,102,4.539,0.897
Be dead to the world,105,3.162,1.449
Be down in the dumps,106,3.453,1.303
Be dressed to kill,106,3.066,1.259
Be easy money,102,2.431,1.452
Be easy on the eye,104,1.865,1.071
Be fed up with something/one,104,1.683,1.045
Be firing on all cylinders,102,2.657,1.479
Be from all walks of life,100,1.74,1.079
Be full of holes,106,3.717,1.542
Be full of oneself,107,1.72,1.097
Be grasping at straws,100,4.43,0.998
Be green with envy,107,1.262,0.649
Be hard to swallow,100,4.69,0.615
Be hot off the press,101,3.901,1.345
Be hung up on something,104,3.192,1.401
Be icing on the cake,102,4.088,1.313
Be in a vacuum,102,3.549,1.52
Be in a world of one's own,106,1.66,1.129
Be in cahoots with,101,1.98,1.327
Be in good company,104,3.837,1.263
Be in mint condition,101,2.703,1.52
Be in one's blood,105,3.248,1.561
Be in one's element,107,1.729,0.996
Be in someone's clutches,105,3.552,1.4
Be in someone's good graces,101,1.891,1.174
Be in the air,106,4.094,1.246
Be in the black,103,2.709,1.473
Be in the cards,103,3.505,1.399
Be in the driver's seat,106,4.764,0.641
Be in the hot seat,104,3.769,1.316
Be in the public eye,105,2.638,1.653
Be in the running,106,2.925,1.371
Be in the same ballpark,105,4.457,1.065
Be in the spotlight,102,4.608,0.834
Be larger than life,104,1.298,0.858
Be left holding the bag,101,4.584,0.897
Be let off lightly,106,2.047,1.182
Be like a slap in the face,103,4.524,0.917
Be no big deal,103,2.942,1.467
Be no spring chicken,102,2.157,1.52
Be none the wiser,107,2.458,1.376
Be not all there,104,1.712,1.049
Be nuts about something,106,1.585,0.945
Be off base,102,3.931,1.292
Be off one's rocker,105,3.676,1.348
Be off the cuff,105,2.257,1.323
Be on a slippery slope,102,4.51,0.931
Be on auto-pilot,106,2.557,1.525
Be on someone's back,101,4.218,1.145
Be on the ball,105,3.79,1.371
Be on the edge of one's seat,104,4.808,0.655
Be on the go,106,2.821,1.492
Be on the horizon,103,3.68,1.429
Be on the mend,106,2.462,1.455
Be on the receiving end of something,103,3.816,1.319
Be on the tip of one's tongue,102,3.451,1.533
Be on the warpath,105,3.324,1.221
Be on top of the world,102,2.353,1.474
Be one of the boys,102,2.353,1.474
Be one's best bet,106,3.774,1.237
Be out cold,103,2.806,1.534
Be out for blood,103,2.942,1.533
Be out like a light,105,2.533,1.373
Be out of bounds,105,4.038,1.27
Be out of it,106,3.226,1.475
Be out of line,102,3.931,1.457
Be out of one's league,107,3.168,1.299
Be out of order,107,3.935,1.207
Be out of the blue,107,1.785,1.046
Be out of the closet,102,4.275,1.082
Be out of the question,105,2.048,1.368
Be out of touch,105,2.514,1.442
Be out to lunch,102,4.265,1.226
Be over the moon,105,1.8,1.236
Be quick on the draw,105,3.176,1.505
Be ready to roll,101,3.257,1.467
Be right up someone's alley,106,3.406,1.263
Be rolling in the aisles,101,4.129,1.111
Be sacrifice on the altar of something,106,2.83,1.457
Be short and sweet,106,3.557,1.339
Be sitting on a goldmine,107,4.28,1.026
Be skating on thin ice,102,4.706,0.683
Be small potatoes,104,4.01,1.39
Be sold on something,102,2.275,1.306
Be someone's baby,103,4.291,1.168
Be someone's bag of tricks,105,3.124,1.371
Be someone's better half,107,1.542,0.924
Be someone's bread and butter,106,3.717,1.466
Be someone's finest hour,106,2.481,1.494
Be someone's other half,102,1.578,1.048
Be someone's partner in crime,107,4.009,1.17
Be spoken for,107,2.822,1.338
Be the apple of someone's eye,104,1.106,0.367
Be the bane of someone's existence,102,2.176,1.345
Be the bomb,105,1.695,1.178
Be the boy/girl next door,106,4.528,0.978
Be the cream of the crop,102,2.549,1.398
Be the lesser of two evils,105,2.848,1.524
Be the life of the party,107,2.047,1.299
Be the moment of truth,101,2.554,1.493
Be the odd one out,106,2.774,1.368
Be the unsung hero,101,2.822,1.445
Be thrilled to bits,106,1.236,0.698
Be too rich for one's blood,105,1.771,1.129
Be under the influence,104,3,1.595
Be up and running,102,4.265,1.024
Be up in arms about something,104,2,1.262
Be up in the air,104,4.163,1.301
Be wide open,104,2.933,1.59
Be without rhyme or reason,102,2.578,1.375
Be young at heart,105,2.105,1.184
Be/fall under someone's spell,101,1.614,0.99
Be/feel under the weather,102,1.745,1.059
Be/get a rude awakening,106,3.472,1.519
Be/get up to speed,107,3,1.408
Beat around the bush,105,3.362,1.442
Beat the system,100,2.66,1.479
Been around the block,105,4.438,0.95
Bite one's tongue,105,4.619,0.789
Bite someone's head off,105,2.305,1.449
Bite the dust,101,2.911,1.491
Bleed someone dry,103,3.252,1.473
Blow someone's cover,103,2.272,1.337
Blow something out of the water,106,3.453,1.381
Blow something sky-high,102,3.216,1.383
Blow something wide open,104,2.933,1.59
Blow the lid off something,104,3.769,1.232
Blow the whistle on something,106,4.047,1.099
Blow up in one's face,102,4.402,1.007
Bore the pants off someone,106,2.189,1.353
Bored out of one's skull/mind,106,1.566,1.051
Bounce ideas off someone,106,1.594,1.058
Break one's back,105,4.362,1.03
Break someone's heart,106,2.255,1.48
Break the ice,106,4.406,1.145
Bring something to the party,102,4.539,0.982
Broaden one's horizons,102,1.775,1.089
Build a bridge,105,4.705,0.771
Burn a hole in one's pocket,106,3.377,1.334
Burn the candle at both ends,100,3.43,1.513
Burn the midnight oil,106,3.651,1.18
Burst someone's bubble,102,4.167,1.203
Bury one's head in the sand,103,3.922,1.384
Bury the hatchet,100,4.37,1.169
Call it a day,106,3.396,1.247
Call it quits,107,2.701,1.455
Call someone's bluff,107,2.009,1.248
Call the shots,106,2.726,1.363
Carry a torch for someone,107,4.215,1.149
Cash in one's chips,102,4.265,1.116
Catch one's breath,104,2.519,1.678
Catch some Z's,102,1.559,1.03
Catch someone in the act,105,3.99,1.221
Catch someone off guard,105,3.133,1.461
Catch someone red-handed,107,2.944,1.406
Catch someone with their pants down,106,4.472,0.978
Catch someone's drift,106,1.877,1.193
Catch someone's eye,106,2.038,1.203
Catch your second wind,100,1.53,0.87
Caught between a rock and a hard place,106,3.679,1.377
Cause a stir,104,2.394,1.226
Chance your luck,106,2.132,1.288
Chomping at the bit,105,2.914,1.57
Clean up one's act,106,2.057,1.248
Clear away the cobwebs,102,4.48,1.012
Come clean,104,3.096,1.404
Come down hard on someone,107,3.421,1.091
Come full circle,107,2.757,1.433
Come in from the cold,105,4.39,1.105
Come on strong,107,2.486,1.376
Come out of one's shell,105,2.552,1.467
Come out of the woodwork,107,2.383,1.343
Come out on top,106,3.849,1.102
Come to a crossroads,103,4.718,0.72
Come to blows,107,3.262,1.456
Come to one's senses,102,1.98,1.227
Come to pass,105,2.743,1.507
Come unhinged,103,1.447,0.926
Comes with the territory,105,3.61,1.355
Cost an arm and a leg,106,2.047,1.26
Couldn't do without it,106,3.075,1.432
Count one's blessings,106,2.915,1.525
Cover a lot of ground,106,4.104,1.112
Cover all one's bases,103,3.417,1.432
Cover one's back,105,4.657,0.782
Cover ones tracks,104,4.49,0.87
Crack the whip,106,4.208,1.232
Cramp someone's style,102,1.745,1.123
Cross one's fingers,102,4.863,0.508
Cross the line,104,4.74,0.591
Cry wolf,104,3.269,1.541
Cut a long story short,106,2.528,1.532
Cut corners,105,3.857,1.244
Cut something to the bone,106,4.057,1.351
Cut the cord,102,4.696,0.742
Cut to the chase,105,2.048,1.251
Cut your losses,107,1.794,1.035
Cutting it close,102,3.627,1.435
Deal a blow to something,102,3.382,1.561
Dig one's own grave,102,4.373,1.143
Dig up dirt on something/one,100,2.76,1.372
Do a double take,106,2.848,1.413
Do a vanishing act,104,2.942,1.493
Do battle with someone,102,4.108,1.134
Do in cold blood,104,1.971,1.242
Do one's homework,107,4.692,0.905
Do someone a world of good,104,1.808,1.107
Do someone proud,105,2.029,1.22
Do someone's dirty work,102,3.922,1.012
Do something against the clock,107,2.869,1.421
Do something around the clock,107,2.963,1.407
Do something at the drop of a hat,107,3.495,1.262
Do something behind closed doors,107,4.589,0.89
Do something by the book,100,3.33,1.551
Do something for all you're worth,104,2.125,1.259
Do something from scratch,106,2.481,1.436
Do something in one's own time,106,3.208,1.51
Do something in one's sleep,105,3.19,1.428
Do something justice,106,1.906,1.191
Do something like there's no tomorrow,104,2.385,1.409
Do something on the spot,105,3.581,1.307
Do something right off the bat,105,2.314,1.179
Do something to one's heart's content,101,1.832,1.265
Do the trick,105,3.124,1.426
Don't bank on something,103,2.233,1.33
Drag one's feet,106,4.519,0.819
Drag someone into the 21st Century,105,1.61,0.995
Drag someone kicking and screaming,104,4.654,0.587
Drag someone through the mud,105,4.495,0.952
Draw the line,101,4.584,0.886
Drink someone under the table,106,2.217,1.373
Drive a hard bargain,105,1.914,1.338
Drive someone crazy,105,2.514,1.352
Drive someone up the wall,105,1.933,1.318
Drop a bombshell,104,3.471,1.461
Drown one's sorrows,105,1.524,1.001
Dry as a bone,106,3.745,1.324
Earn one's keep,102,3.049,1.431
Eat someone alive,102,3.353,1.546
Eat someone for breakfast,106,2.736,1.581
Extend the olive branch,101,4.208,1.107
Face the music,107,3.178,1.352
Fall apart at the seams,106,3.094,1.727
Fall flat on one's face,102,4.245,1.13
Fall head over heels,105,3.362,1.415
Fall into bad company,107,2.598,1.273
Fall into one's lap,105,4.457,0.991
Fall off the wagon,107,4.43,1.074
Fall on deaf ears,105,3.105,1.519
Fall through the cracks,103,4.495,1.009
Feel something in one's bones,102,2.843,1.405
Fight a losing battle,107,3.869,1.282
Fight tooth and nail,106,2,1.265
Find something hard to stomach,104,2.442,1.399
Fit as a fiddle,103,1.612,1.05
Fit someone like a glove,102,3.608,1.329
Fit the bill,105,2.114,1.211
Flex one's muscles,100,4.8,0.586
Fly the coop,106,2.349,1.353
From head to toe,105,4.086,1.218
Gather dust,103,4.223,1.163
Get a grip,106,3.613,1.231
Get a handle on something,105,3.676,1.252
Get a headstart,106,2.538,1.462
Get a kick out of (doing) something,102,2.314,1.371
Get a rise out of someone,103,2.233,1.23
Get a slap on the wrist,102,4.735,0.688
Get an earful,106,3.009,1.363
Get away from it all,105,3.648,1.461
Get back on one's feet,105,4.476,1.029
Get carried away,101,4.158,1.189
Get down to business,102,2.255,1.377
Get hot under the collar,104,3.692,1.3
Get in on the act,103,3.029,1.431
Get in on the ground floor,101,4.386,0.979
Get into gear,105,3.352,1.461
Get it together,104,3.481,1.414
Get more than one bargained for,107,3.701,1.297
Get off on the wrong foot,102,2.745,1.34
Get off one's case,101,3.109,1.503
Get off the ground,102,4.48,0.887
Get off to a flying start,106,2.368,1.229
Get on one's soapbox,106,3.755,1.459
Get on someone's nerves,105,2.133,1.294
Get one's act together,105,3.029,1.39
Get out of hand,102,3.265,1.475
Get over the hump,102,3.882,1.18
Get someone off your back,105,4.086,1.128
Get someone out of your hair,105,2.848,1.466
Get something out of one's system,106,2.925,1.419
Get something straight,101,3.356,1.418
Get the ball rolling,102,4.529,0.93
Get the better of someone/thing,105,2.448,1.232
Get the message,105,4.695,0.722
Get the picture,107,4.542,0.743
Get the sack,107,3.757,1.324
Get the upper hand,101,2.644,1.418
Get to the bottom of something,106,3.896,1.103
Get too big for one's boots,103,4.524,0.906
Get under someone's skin,107,2.159,1.347
Get up on the wrong side of the bed,104,3.933,1.279
Get wind of something,102,1.794,1.084
Get your hands dirty,104,4.856,0.471
Getting above oneself,102,1.431,0.764
Give a back-handed compliment,102,1.814,1.051
Give one's right arm to do something,100,2.85,1.507
Give oneself a pat on the back,106,4.425,1.014
Give someone a break,107,2.701,1.449
Give someone a dirty look,102,2.941,1.745
Give someone a free ride,103,4.67,0.785
Give someone a piece of your mind,103,1.553,0.987
Give someone a run for their money,105,2.533,1.217
Give someone a wide berth,105,2.933,1.527
Give someone carte blanche,105,2.514,1.394
Give someone credit for something,106,4.047,1.133
Give someone grief,106,2.292,1.493
Give someone the benefit of the doubt,102,2.167,1.298
Give someone the boot,107,4.271,1.154
Give someone the brush-off,100,2.2,1.206
Give someone the cold shoulder,107,1.505,0.84
Give someone the creeps,106,1.981,1.302
Give someone the green light,107,3.85,1.156
Give someone the run-around,104,2.308,1.293
Give someone the thumbs up,107,4.467,1.119
Give someone the willies,100,1.33,0.726
Give something a bad name,107,3.626,1.3
Give something a whirl,105,3.59,1.299
Go about your business,101,3.337,1.465
Go against the grain,101,2.95,1.472
Go all out,100,2.03,1.105
Go along for the ride,107,4.355,1.002
Go back to basics,106,2.981,1.473
Go back to the drawing board,100,4.41,0.975
Go ballistic,102,1.863,1.235
Go bananas,103,1.136,0.444
Go belly up,102,3.676,1.321
Go cold turkey,103,1.359,0.815
Go down the drain,105,4.638,0.856
Go Dutch with someone,106,2.142,1.305
Go for broke,104,2.029,1.202
Go for the jugular,105,4.419,0.918
Go from rags to riches,102,2.971,1.465
Go hand in hand,106,4.198,1.108
Go into overdrive,102,2.657,1.472
Go into something with one's eyes open,106,4.377,0.971
Go like clockwork,104,3.067,1.294
Go off on a tangent,102,2.118,1.395
Go off the deep end,102,3.843,1.348
Go off the record,104,2.019,1.157
Go on a wild goose chase,106,4.198,0.95
Go out of one's mind,106,1.604,1.084
Go out of the window,104,4.702,0.695
Go out of your way to do something,105,3.733,1.368
Go out on a limb,104,4.058,1.156
Go out with a bang,102,2.755,1.431
Go pear-shaped,105,2.533,1.488
Go the distance,100,3.93,1.328
Go the extra mile,107,4.486,0.883
Go through something with a fine-toothed comb,102,4.078,1.096
Go through the motions,104,3.308,1.366
Go through the roof,102,3.706,1.39
Go through the wringer,105,2.324,1.326
Go to a lot of trouble,107,2.308,1.469
Go to first base,104,4.212,1.188
Go to town,102,4.755,0.681
Go under the knife,106,4.085,1.052
Go up in flames,104,4.519,0.965
Go up in smoke,102,3.99,1.173
Grab the headlines,107,2.439,1.382
Grin from ear to ear,102,2.686,1.522
Hang in the balance,107,2.467,1.369
Hang on someone's every word,105,1.448,0.877
Hang someone out to dry,105,2.676,1.369
Hate someone's guts,105,2.429,1.358
Have a bad hair day,107,3.607,1.491
Have a bird's-eye view,106,2.726,1.595
Have a bone to pick ,102,3.01,1.532
Have a brainstorm,100,1.3,0.704
Have a change of heart,102,1.676,1.073
Have a chip on one's shoulder,106,3.462,1.532
Have a claim to fame,107,2.262,1.269
Have a clean break,104,3.154,1.399
Have a crack at something,107,1.963,1.181
Have a field day,105,3.181,1.473
Have a fighting chance,107,2.673,1.301
Have a gentlemen's agreement,104,3.817,1.205
Have a gleam in one's eye,102,3.088,1.523
Have a good head on one's shoulders,106,3.783,1.155
Have a hidden agenda,105,3.448,1.532
Have a knee-jerk reaction,101,3.832,1.233
Have a long way to go,106,4.415,1.003
Have a lot on one's plate,107,4.523,0.915
Have a lump in one's throat,104,3.894,1.314
Have a one-track mind,107,1.738,1.085
Have a passing acquaintance with someone,107,2.075,1.286
Have a screw loose,104,2.865,1.601
Have a silver lining,102,3.775,1.455
Have a sneaking suspicion,107,1.664,1.063
Have a stab at something,106,3.538,1.381
Have a sweet tooth,102,1.804,1.282
Have a taste of one's own medicine,104,3.913,1.301
Have a thick skin,101,3.386,1.385
Have an attitude problem,104,3.115,1.47
Have an axe to grind,105,4.276,1.096
Have bad blood (between),106,1.953,1.222
Have butterflies in one's stomach,104,1.635,0.976
Have eyes in the back of one's head,100,1.21,0.671
Have had one/a few too many,102,4.029,1.181
Have one's eye on something,102,3.167,1.568
Have one's foot in the door,107,4.336,1.027
Have one's head in the clouds,105,2,1.308
Have someone's blood on one's hands,101,4.703,0.756
Have something down pat,101,1.822,1.062
Have something down to a fine art,104,2.038,1.238
Have something on the brain,102,2.088,1.283
Have something to prove,105,3.886,1.354
Have something under one's belt,104,4.231,1.184
Have something up one's sleeve,102,4.539,0.886
Have the ball in someone's court,105,4.371,1.058
Have the goods on someone,106,2.83,1.341
Have the last laugh,100,3.93,1.305
Have the munchies,106,2.868,1.455
Have two left feet,100,1.61,1.024
Have your work cut out for you,102,2.382,1.422
Hear a pin drop,106,4.198,1.23
Hear something through the grapevine,105,1.848,1.246
Hedge one's bets,107,2.065,1.215
Hit a glass ceiling,102,4.078,1.234
Hit below the belt,102,4.66,0.708
Hit rock bottom,105,3.343,1.277
Hit the books,102,4.284,1.057
Hit the ground running,105,3.495,1.331
Hit the hard stuff,105,3.219,1.448
Hit the hay,103,4.078,1.234
Hit the jackpot,106,3.717,1.419
Hit the mark,106,4.311,1.116
Hit the nail on the head,107,4.57,0.923
Hit the sack,101,4.297,1.118
Hold a candle to something/one,105,3.067,1.456
Hold a gun to someone's head,100,4.86,0.551
Hold all of the cards,106,4.453,1.034
Hold all the aces,105,4.41,1.089
Hold down the fort,104,2.452,1.386
Hold one's own,102,2.941,1.501
In the eleventh hour,106,4.377,1.099
In the same breath,105,3.324,1.362
Join the club,101,4.515,0.955
Jump on the bandwagon,102,4.118,1.237
Jump through hoops,106,4.255,1.113
Keep a low profile,107,2.85,1.294
Keep a straight face,102,3.255,1.539
Keep an open mind,105,2.067,1.423
Keep one's ear to the ground,105,3.981,1.286
Keep someone at arm's length,104,4.471,0.8
Keep someone guessing,105,3.886,1.311
Keep someone in the dark,102,4.49,0.982
Keep someone on their toes,107,3.935,1.084
Keep someone posted,106,2.538,1.339
Keep something at bay,105,2.867,1.366
Keep something under wraps,104,3.769,1.36
Keep your eyes open,100,4.83,0.551
Keep your head down,103,4.728,0.674
Kill two birds with one stone,102,3.833,1.29
Kiss something goodbye,102,4.137,1.194
Knock heads together,105,4.381,1.06
Knock someone's socks off,104,2.587,1.466
Know one's place,107,4.009,1.12
Know something inside out,107,2.607,1.358
Know something like the back of one's hand,104,3.221,1.468
Know the score,106,4.519,0.864
Lay down the law,105,2.2,1.396
Lay something to rest,106,3.868,1.13
Learn something the hard way,102,2.912,1.516
Learn the ropes,103,2.631,1.414
Leave a bad taste in one's mouth,104,4.692,0.813
Leave no stone unturned,102,4.02,1.169
Leave one's mark,101,4.129,1.026
Leave oneself wide open,102,4.549,0.828
Leave someone in the lurch,105,2.467,1.264
Lend a hand,105,2.343,1.44
Lend an ear,100,1.49,0.98
Let off steam,103,2.204,1.382
Let sleeping dogs lie,105,4.048,1.318
Let someone off the hook,104,3.087,1.315
Let something slide,102,3.618,1.49
Let your hair down,101,4.782,0.576
Lick one's chops,102,3.343,1.506
Lick one's wounds,106,4.255,1.096
Lie through ones teeth,107,2.458,1.396
Live a charmed life,105,2,1.152
Live in a dream world,105,1.724,1.156
Look at the big picture,100,4.46,0.937
Look like a million bucks,103,1.757,1.175
Look out for number one,106,2.538,1.311
Look the part,106,3.047,1.362
Lose one's cool,106,2.236,1.299
Lose one's marbles,100,4.47,1.123
Lost one's edge,103,1.874,1.109
Love someone to bits,104,1.356,0.934
Love someone to pieces,104,1.25,0.665
Make a beeline for something,104,2.385,1.302
Make a break for something,100,2.32,1.355
Make a killing,105,2.752,1.479
Make a splash,103,4.32,1.23
Make an ass of oneself,106,1.651,1.171
Make ends meet,107,3.252,1.26
Make it big,103,3.495,1.488
Make it worth someone's while,104,2.125,1.349
Make no bones about something,104,1.356,0.736
Make one's bed,106,4.509,0.978
Make one's blood boil,107,1.785,1.229
Make one's skin crawl,104,1.596,1.048
Make out like a bandit,103,2.932,1.409
Make someone's day,101,2,1.225
Make the best of something,105,3.39,1.418
Make the first move,102,4.529,0.941
Mean the world to someone,105,1.895,1.192
Meet one's match,100,2.95,1.54
Meet someone halfway,104,4.423,0.952
Mind one's own business,102,2.961,1.515
Miss the boat,105,4.676,0.766
Miss the bus,106,4.557,0.957
Miss the point,104,3.51,1.329
Move up the ladder,104,4.654,0.798
Name names,107,4.103,1.303
Need fresh blood,102,3.775,1.421
Nip something in the bud,101,3.089,1.457
No bed of roses,103,3.641,1.406
No hard feelings,107,2.047,1.313
Not be cut out for something,102,1.402,0.735
Not be exactly a barrel of laughs,106,1.811,1.266
Not be rocket science,107,4.121,1.234
Not be up to par,101,2.356,1.324
Not dream of doing something,102,3.539,0.243
Not have a clue,106,3.509,1.507
Not know someone from Adam,102,3.186,1.467
Not lift a finger,104,4.538,0.835
Not say a word,107,4.692,0.829
Not sleep a wink,100,2.01,1.352
Not someone's cup of tea,107,4.178,1.272
Not take something lying down,104,4.115,1.1
Not taking no for an answer,103,3.427,1.619
Off the top of one's head,104,2.942,1.48
One of those days,104,2.981,1.475
Only have eyes for someone,104,1.471,0.847
Open doors for someone,104,3.894,1.23
Outstay your welcome,102,2.51,1.474
Pass the torch,106,4.613,0.811
Pass with flying colors,104,1.923,1.188
Pat someone on the back,105,4.819,0.632
Pave the way,101,4.01,1.204
Pay one's dues,106,4.17,1.238
Pay the price,101,4.644,0.756
Pick someone's brain,102,1.912,1.236
Pick up the ball and run with it,105,4.781,0.679
Pick up the tab,106,3.877,1.314
Pinch pennies,107,3.486,1.369
Place something on a pedestal,105,4.229,1.146
Play ball,104,4.298,1.032
Play cat and mouse,102,2.833,1.401
Play chicken,105,2.581,1.314
Play devil's advocate,102,1.804,1.108
Play one's cards right,101,3.99,1.315
Play one's last card,103,4.544,0.849
Play something by ear,105,1.99,1.275
Play the field,106,3.189,1.474
Point someone in the right direction,107,4.299,1.066
Preach to the crowd,106,4.651,0.756
Pull oneself up by their bootstraps,100,2.82,1.553
Pull out all the stops,102,2.52,1.326
Pull rank on someone,106,2.075,1.285
Pull some strings,106,4.292,1.104
Pull something out of a hat,105,4.448,1.118
Pull something out of the bag,100,4.74,0.705
Pull the rug out from under someone,104,4.471,0.924
Push someone's buttons,105,2.952,1.47
Push your luck,106,1.443,0.906
Put a damper on something,100,2.72,1.371
Put all one's eggs in one basket,102,4.784,0.639
Put all your cards on the table,107,4.757,0.685
Put down roots,105,2.8,1.528
Put on a brave face,102,3.255,1.412
Put one's foot down,101,4.673,0.776
Put oneself in someone else's shoes,106,4.066,1.297
Put out feelers,105,2.114,1.171
Put someone in their place,106,3.717,1.209
Put someone on the spot,105,3.8,1.289
Put someone out of their misery,105,2.543,1.519
Put something on the map,101,4.287,0.983
Put something to bed,106,3.632,1.375
Put words into someone's mouth,105,1.457,0.866
Put your back into it,105,3.438,1.447
Quake in one's boots,102,3.529,1.405
Rack one's brain,102,1.48,0.841
Rain on someone's parade,105,1.962,1.414
Rake someone over the coals,102,2.833,1.429
Rattle someone's cage,102,3.765,1.47
Reach the boiling point,104,4.404,1.153
Read between the lines,101,2.772,1.476
Read someone like a book,106,2.142,1.383
Read someone's mind,105,1.59,0.987
Read too much into something,102,2.647,1.287
Recharge one's batteries,102,4.078,1.333
Reinvent the wheel,102,2.588,1.444
Remain nameless,104,3.317,1.483
Rest one's case,102,2.588,1.444
Rise to the bait,102,2.873,1.34
Rock the boat,105,4.648,0.808
Roll out the red carpet,105,4.695,0.748
Roll up one's sleeves,104,4.779,0.737
Roll with the punches,106,2.642,1.422
Rub someone's nose in something,103,4.262,1.029
Run someone ragged,104,2.731,1.338
Run something into the ground,101,3.574,1.374
Saved by the bell,101,2.733,1.469
Say something behind someone's back,101,4.495,0.867
Say something under one's breath,104,2.788,1.531
Scare someone out of their wits,106,1.943,1.241
Scare the living daylights out of someone,100,1.15,0.479
Score points with someone,105,3.676,1.29
Scrape the bottom of the barrel,107,4.393,1.044
Scratch the surface,102,4.225,1.168
See the color of someone's money,105,4.219,1.263
See the light,107,4.748,0.646
See the light of day,106,4.028,1.305
Sell like hot cakes,104,3.279,1.397
Sell someone short,107,1.673,0.898
Send a chill down one's spine,100,2.84,1.454
Send someone packing,102,4.078,1.149
Set the record straight,103,2.893,1.508
Set the stage,107,4.187,1.038
Set up shop,106,4.038,1.287
Set your heart on something,107,1.776,1.119
Share common ground,107,3.869,1.1
She won't bite,106,4.481,0.958
Shoot oneself in the foot,107,4.523,0.955
Shoot the breeze,105,1.895,1.322
Shout something from the rooftops,106,4.679,0.799
Show one's true colors,106,2.094,1.276
Show someone the door,102,4.775,0.579
Show someone who's boss,102,3.716,1.338
Sign on the dotted line,101,4.762,0.68
Sing someone's praises,103,3.65,1.348
Sink or swim,102,4.529,0.909
Sit up and take notice,106,3.925,1.385
Sleep like a baby,100,3.62,1.42
Slip someone's mind,105,1.733,1.003
Smell a rat,102,4.333,0.998
Soften the blow,106,3.396,1.425
Someone's bark is worse than their bite,102,3.451,1.369
Someone's days are numbered,105,2.933,1.456
Someone's hands are tied,106,4.698,0.692
Something has seen better days,106,2.613,1.37
Something the cat dragged in,104,4.692,0.777
Speak the same/someone's language,106,4.736,0.694
Speak your mind,102,2.069,1.359
Spill one's guts,104,2.49,1.421
Spread one's wings,102,2.451,1.52
Spread oneself too thin,107,1.458,0.883
Stand one's ground,102,3.775,1.334
Stand out from the crowd,102,4.225,1.052
Stand the test of time,104,2.25,1.283
Stay on track,102,4.275,1.1
Steal someone's thunder,107,1.318,0.722
Steal the show,107,1.907,1.051
Stick one's neck out,104,3.971,1.202
Strike a chord with someone,102,1.882,1.093
Strike gold,107,4.411,0.951
Strike while the iron is hot,106,3.849,1.426
Swallow one's pride,106,1.415,0.975
Sweep the board,102,4.196,1.251
Take a beating,105,4.429,0.999
Take a bite out of something,104,4.529,0.934
Take a raincheck,104,2.76,1.567
Take a trip down memory lane,106,2.358,1.442
Take its toll,100,2.42,1.365
Take one's breath away,107,2.327,1.393
Take someone at their word,102,1.833,1.109
Take someone down a peg or two,105,2.057,1.082
Take someone under one's wing,106,2.104,1.309
Take something by storm,104,1.481,0.859
Take something the wrong way,102,3.363,1.434
Take the cake,102,4.078,1.318
Take the easy way out,107,3.71,1.332
Take the edge off something,101,2.99,1.411
Take the plunge,106,3.689,1.334
Take the rap for something,101,2.079,1.309
Take your pick,102,4.069,1.229
Talk shop,105,2.314,1.347
Teach someone a thing or two,106,4.019,1.211
Teach someone the ropes,101,2.634,1.369
Tear your hair out,102,4.314,1.143
Tempt fate,102,1.431,0.862
Test the waters,101,4.198,1.039
Thank ones lucky stars,104,2.288,1.297
The honeymoon is over,105,4.324,1.236
Think on one's feet,105,3.429,1.55
Think outside the box,106,2.557,1.55
Throw a fit,107,1.869,1.282
Throw caution to the wind,102,1.294,0.669
Throw one's hat in the ring,102,4.667,0.762
Throw someone a curveball,105,4.41,1.007
Throw someone off balance,104,4.038,1.269
Throw someone to the dogs,107,3.991,1.137
Throw your weight around,107,3.009,1.431
Tie up loose ends,105,4.133,1.152
Tip the balance,101,3.525,1.439
To go ape,100,1.47,0.846
To mean business,104,2.827,1.333
Touch base,103,3.893,1.357
Treat someone like dirt,102,2.412,1.352
Tug at someone's heartstrings,101,1.337,0.791
Turn a deaf ear to something,107,3.14,1.384
Turn over a new leaf,107,3.692,1.356
Turn something inside out,105,4.048,1.361
Turn the tables,104,4.49,0.914
Turn your back on something,105,4.257,1.169
Twist someone's arm,104,4.702,0.652
Up the ante,104,3.519,1.539
Upset the applecart,106,2.972,1.699
Use someone as a punching bag,106,3.972,1.23
Vanish into thin air,106,2.009,1.246
Wait on someone hand and foot,106,2.821,1.392
Walk on air,101,1.347,0.932
Walk on eggshells,103,3.99,1.383
Want a piece of the action,106,2.311,1.341
Waste one's breath,105,2.629,1.375
Watch one's mouth,102,2.725,1.504
Watch someone like a hawk,104,3.26,1.407
Watch your back,105,3.19,1.494
Wear more than one hat,100,4.4,1.044
Wear one's heart on their sleeve,107,1.467,1.003
Welcome someone with open arms,101,4.723,0.736
Whet someone's appetite,105,2.295,1.393
Wield the axe,102,4.5,0.909
Win brownie points,102,1.824,1.057
Wine and dine someone,104,2.837,1.565
Wipe the grin off someone's face,102,2.304,1.392
With a vengeance,103,2.602,1.497
With bated breath,106,1.934,1.181
With one's back to the wall,100,4.7,0.689
Without missing a beat,106,3.358,1.449
Won't break the bank,102,2.99,1.339
Work like a charm,104,2.846,1.268
Wrap someone around one's little finger,105,1.743,1.225
Write the book on something,107,4.327,0.949
Zip one's lip,104,1.538,1.023