Expression,# of ratings (n=),Meaningful,MeaningfulSD
Bare one's soul,103,4.5728,0.8812
Be a babe in the woods,110,3,1.6085
Be a backseat driver,108,4.6667,0.8203
Be a bad apple in the barrel,102,4.0686,1.2289
Be a balancing act,102,4.5784,1.2289
Be a ball and chain,100,4.27,1.2701
Be a ballpark figure,103,4.5922,0.9439
Be a basketcase,108,4.7037,0.8002
Be a bit much,108,4.6111,0.8069
Be a blast from the past,103,4.6893,0.672
Be a blessing in disguise,100,4.79,0.6243
Be a breath of fresh air,100,4.79,0.6079
Be a breeze,102,4.8627,0.4883
Be a bumpy ride,110,4.6727,0.6788
Be a bundle of nerves,108,4.6019,0.7847
Be a busy bee,100,4.83,0.5329
Be a can of worms,102,4.2059,1.2133
Be a carbon copy,100,4.39,0.9629
Be a Catch 22,103,4.2913,1.0062
Be a cheap shot,103,4.8252,0.4299
Be a chink in someone's armor,108,3.7685,1.4116
Be a chip off the old block,106,4.7358,0.6518
Be a class act,102,4.7843,0.5382
Be a close call,110,4.8545,0.3792
Be a cog in the machine,100,3.84,1.4193
Be a conversation piece,108,4.5463,0.847
Be a couch potato,103,4.9029,0.3288
Be a creature of habit,100,4.43,1.0848
Be a dark horse,101,3.8515,1.431
Be a dead ringer for someone,102,4.1863,1.2407
Be a different animal,108,3.7593,1.3456
Be a done deal,103,4.8252,0.5319
Be a double whammy,102,4.4608,0.8405
Be a double-edged sword,101,4.6733,0.7888
Be a drag,102,4.6569,0.7897
Be a drop in the ocean,110,4,1.3341
Be a fallen angel,105,4.0095,1.2519
Be a false alarm,100,4.74,0.7333
Be a feather in one's cap,103,3.8155,1.4535
Be a flash in the pan,108,3.3148,1.6386
Be a glutton for punishment,103,4.3398,1.0896
Be a guinea pig,108,4.4722,1.1145
Be a happy medium,108,4.5093,0.8259
Be a hard act to follow,102,4.7941,0.5511
Be a hard sell,108,4.3704,1.0465
Be a household name,101,4.4059,1.1061
Be a jack of all trades,103,4.8058,0.6113
Be a knight in shining armor,106,4.9057,0.3526
Be a ladies' man,103,4.835,0.445
Be a lost cause,103,4.8252,0.55
Be a mamma's boy,110,4.7273,0.634
Be a melting pot,110,4.4273,1.0178
Be a mixed bag,102,4.098,1.1816
Be a mutual admiration society,107,2.972,1.6163
Be a needle in a haystack,100,4.88,0.3835
Be a nervous wreck,107,4.8131,0.5517
Be a no-win situation,108,4.7315,0.7439
Be a one-man band,102,4.0196,1.1939
Be a party pooper,110,4.8091,0.5157
Be a piece of cake,108,4.9537,0.2111
Be a powder keg,102,3.5196,1.5904
Be a quick fix,100,4.72,0.6369
Be a race against time,103,4.8641,0.3444
Be a ray of sunshine,100,4.84,0.4197
Be a recipe for disaster,106,4.8868,0.3184
Be a recipe for success,100,4.82,0.4579
Be a riot,103,4.6214,0.7811
Be a rule of thumb,108,4.6759,0.6948
Be a safe bet,103,4.7864,0.5883
Be a shadow of one's former self,108,4.2593,1.0883
Be a shot in the dark,103,4.767,0.5637
Be a shoulder to cry on,102,4.7647,0.6476
Be a sight for sore eyes,102,4.6863,0.8203
Be a smart alec,105,4.7143,0.6312
Be a smooth ride,103,4.5922,0.9014
Be a step in the right direction,106,4.8679,0.3922
Be a stumbling block,100,3.96,1.3327
Be a sucker for something,103,4.6117,0.8072
Be a thorn in one's side,110,4.6909,0.7388
Be a three-ring circus,103,4.2718,1.0497
Be a tough cookie,103,4.8641,0.4212
Be a vicious circle,105,4.5714,0.9184
Be a wet blanket,100,3.62,1.4687
Be a wild card,103,4.6117,0.6749
Be a window of opportunity,108,4.8241,0.4286
Be a win-win situation,106,4.9057,0.3526
Be across the board,110,4.3545,0.8735
Be ahead of one's time,108,4.7963,0.5761
Be ahead of the game,102,4.8235,0.4754
Be alive and kicking,106,4.8113,0.4601
Be all doom and gloom,110,4.4545,1.0194
Be all dressed up with nowhere to go,110,4.4273,0.9996
Be all ears,105,4.8286,0.5087
Be all in a day's work,105,4.8857,0.4232
Be all over someone,100,4.72,0.6679
Be all over the place,108,4.7477,0.5157
"Be all-singing, all-dancing",108,2.8148,1.4923
Be an acquired taste,102,4.7255,0.6624
Be an eager beaver,108,4.3981,1.0496
Be an early bird,108,4.8148,0.5494
Be an item,107,4.7477,0.6601
Be an open book,102,4.7451,0.6083
Be an unholy alliance,106,3.8019,1.3482
Be anybody's guess,103,4.6408,0.8147
Be as tough as boots,110,3.0091,1.5175
Be asking for it,110,4.7545,0.5777
Be at a loss for words,106,4.8868,0.347
Be at death's door,110,4.7,0.6432
Be at each other's throats,102,4.8039,0.5081
Be at one's wit's end,103,4.7864,0.457
Be at someone's beck and call,108,4.5833,0.9082
Be at the back of one's mind,100,4.81,0.4191
Be back at square one,102,4.8333,0.4468
Be behind something,102,4.4216,1.0092
Be bent on doing something,100,4.42,1.0168
Be big on something,107,4.2056,1.088
Be cannon fodder,108,2.963,1.7017
Be caught napping,110,4.0455,1.259
Be caught short,107,3.9065,1.2403
Be climbing the walls,108,4.1852,1.2086
Be close to one's heart,105,4.781,0.5544
Be clued in about something,105,4.2286,1.0765
Be dead in the water,108,4.1296,1.2082
Be dead to the world,101,4.5347,0.9441
Be down in the dumps,103,4.8544,0.3811
Be dressed to kill,105,4.7429,0.6509
Be easy money,103,4.6408,0.8385
Be easy on the eye,107,4.7477,0.6309
Be fed up with something/one,107,4.8411,0.5346
Be firing on all cylinders,102,4.2843,1.1972
Be from all walks of life,110,4.7,0.7728
Be full of holes,103,3.5728,1.4458
Be full of oneself,100,4.82,0.5752
Be grasping at straws,110,4.4,1.0683
Be green with envy,100,4.71,0.7006
Be hard to swallow,110,4.7727,0.6862
Be hot off the press,108,4.7963,0.4688
Be hung up on something,106,4.4717,0.9582
Be icing on the cake,102,4.8333,0.5984
Be in a vacuum,108,3.1481,1.5335
Be in a world of one's own,105,4.7524,0.5848
Be in cahoots with,108,4.5556,0.9
Be in good company,106,4.7453,0.6026
Be in mint condition,108,4.8426,0.496
Be in one's blood,100,4.66,0.7278
Be in one's element,100,4.77,0.5835
Be in someone's clutches,108,4.25,1.1367
Be in someone's good graces,108,4.7407,0.536
Be in the air,101,4.3564,0.9755
Be in the black,110,3.5909,1.5041
Be in the cards,110,4.6091,0.791
Be in the driver's seat,103,4.7573,0.4944
Be in the hot seat,106,4.6981,0.7705
Be in the public eye,108,4.5556,0.8354
Be in the running,102,4.5588,0.9182
Be in the same ballpark,100,4.55,0.8919
Be in the spotlight,103,4.8544,0.3811
Be larger than life,107,4.7383,0.6492
Be left holding the bag,108,4.0556,1.3931
Be let off lightly,102,3.9314,1.3949
Be like a slap in the face,110,4.8636,0.4385
Be no big deal,110,4.7364,0.7977
Be no spring chicken,103,4.5049,0.9689
Be none the wiser,100,4.58,0.8549
Be not all there,107,4.6636,0.739
Be nuts about something,103,4.8058,0.4656
Be off base,108,4.2685,1.0643
Be off one's rocker,101,4.6337,0.8453
Be off the cuff,108,3.5278,1.5067
Be on a slippery slope,108,4.5833,0.8442
Be on auto-pilot,105,4.6857,0.6977
Be on someone's back,108,4.25,1.2314
Be on the ball,100,4.71,0.7561
Be on the edge of one's seat,107,4.8131,0.5685
Be on the go,105,4.5905,0.8168
Be on the horizon,110,4.2727,0.9946
Be on the mend,103,4.2136,1.1517
Be on the receiving end of something,110,4.5818,0.8282
Be on the tip of one's tongue,103,4.8641,0.3718
Be on the warpath,100,4.26,1.236
Be on top of the world,108,4.8611,0.4628
Be one of the boys,108,4.4537,0.9989
Be one's best bet,102,4.8235,0.5342
Be out cold,110,4.7818,0.5647
Be out for blood,110,4.6,0.815
Be out like a light,101,4.7525,0.6842
Be out of bounds,100,4.53,0.8463
Be out of it,102,4.7745,0.5433
Be out of line,108,4.8704,0.4343
Be out of one's league,100,4.82,0.5199
Be out of order,100,4.7,0.7588
Be out of the blue,100,4.76,0.6685
Be out of the closet,103,4.7476,0.6218
Be out of the question,108,4.8889,0.3947
Be out of touch,100,4.82,0.4353
Be out to lunch,103,4.1942,1.172
Be over the moon,108,4.3796,1.0741
Be quick on the draw,102,4.4608,0.8974
Be ready to roll,108,4.8241,0.4499
Be right up someone's alley,105,4.8571,0.4688
Be rolling in the aisles,108,3.6111,1.5275
Be sacrifice on the altar of something,102,2.2941,1.4391
Be short and sweet,105,4.7905,0.5494
Be sitting on a goldmine,100,4.75,0.6256
Be skating on thin ice,103,4.8252,0.4936
Be small potatoes,107,3.9346,1.3755
Be sold on something,108,4.5833,0.8442
Be someone's baby,110,4.2727,0.9946
Be someone's bag of tricks,100,4.41,0.9545
Be someone's better half,100,4.81,0.5064
Be someone's bread and butter,102,4.5,0.9825
Be someone's finest hour,102,4.7451,0.5918
Be someone's other half,103,4.7476,0.6374
Be someone's partner in crime,100,4.75,0.6256
Be spoken for,100,4.68,0.7505
Be the apple of someone's eye,107,4.6636,0.7763
Be the bane of someone's existence,102,4.1373,1.3646
Be the bomb,108,4.6759,0.6948
Be the boy/girl next door,102,4.7059,0.6538
Be the cream of the crop,108,4.6111,0.8409
Be the lesser of two evils,101,4.703,0.609
Be the life of the party,100,4.86,0.4718
Be the moment of truth,108,4.8611,0.4826
Be the odd one out,102,4.7353,0.5958
Be the unsung hero,108,4.4352,0.9694
Be thrilled to bits,105,4.4381,0.9295
Be too rich for one's blood,100,4.13,1.2606
Be under the influence,106,4.8019,0.5241
Be up and running,102,4.8333,0.4468
Be up in arms about something,107,4.5047,0.915
Be up in the air,100,4.7,0.772
Be wide open,106,4.3585,1.0707
Be without rhyme or reason,103,4.5437,0.9879
Be young at heart,101,4.7624,0.5683
Be/fall under someone's spell,108,4.8148,0.5321
Be/feel under the weather,103,4.9126,0.3164
Be/get a rude awakening,102,4.8529,0.4314
Be/get up to speed,100,4.85,0.4578
Beat around the bush,102,4.7723,0.6145
Beat the system,110,4.5909,0.7816
Been around the block,108,4.6759,0.6674
Bite one's tongue,108,4.7685,0.6054
Bite someone's head off,108,4.6759,0.8183
Bite the dust,108,4.7685,0.6782
Bleed someone dry,110,4.3909,0.9963
Blow someone's cover,110,4.7364,0.6307
Blow something out of the water,103,4.6019,0.8206
Blow something sky-high,103,4.3301,0.9537
Blow something wide open,108,4.4537,0.9411
Blow the lid off something,107,4.3271,1.035
Blow the whistle on something,105,4.4,0.9261
Blow up in one's face,103,4.7476,0.6058
Bore the pants off someone,103,4.4757,1.0464
Bored out of one's skull/mind,105,4.8952,0.4369
Bounce ideas off someone,102,4.7255,0.6624
Break one's back,108,4.3796,0.9444
Break someone's heart,102,4.9118,0.4006
Break the ice,103,4.8058,0.506
Bring something to the party,108,3.2963,1.4868
Broaden one's horizons,103,4.6699,0.6915
Build a bridge,101,3.4653,1.3679
Burn a hole in one's pocket,105,4.7524,0.6763
Burn the candle at both ends,110,4.2455,1.272
Burn the midnight oil,105,4.2476,1.3358
Burst someone's bubble,103,4.9223,0.3032
Bury one's head in the sand,110,4.5636,0.914
Bury the hatchet,110,4.6636,0.7203
Call it a day,105,4.8857,0.4232
Call it quits,100,4.79,0.5911
Call someone's bluff,100,4.78,0.6754
Call the shots,105,4.8762,0.4941
Carry a torch for someone,100,4.13,1.2198
Cash in one's chips,103,4.3786,0.9406
Catch one's breath,107,4.5794,0.8906
Catch some Z's,108,4.6204,0.9345
Catch someone in the act,101,4.7822,0.5934
Catch someone off guard,101,4.8515,0.4095
Catch someone red-handed,100,4.83,0.5136
Catch someone with their pants down,102,4.5784,0.8258
Catch someone's drift,102,4.598,0.859
Catch someone's eye,105,4.8952,0.3375
Catch your second wind,110,4.7091,0.6953
Caught between a rock and a hard place,103,4.7476,0.6218
Cause a stir,107,4.5794,0.8131
Chance your luck,102,3.7059,1.354
Chomping at the bit,108,4.0556,1.4263
Clean up one's act,105,4.8476,0.4553
Clear away the cobwebs,108,3.8611,1.3497
Come clean,107,4.785,0.6299
Come down hard on someone,100,4.71,0.686
Come full circle,100,4.61,0.7507
Come in from the cold,101,3.7723,1.4204
Come on strong,100,4.7,0.6435
Come out of one's shell,101,4.8317,0.4488
Come out of the woodwork,100,4.48,0.8931
Come out on top,105,4.8762,0.4318
Come to a crossroads,110,4.5182,0.906
Come to blows,100,4.58,0.9968
Come to one's senses,108,4.8426,0.4768
Come to pass,100,4.48,0.9154
Come unhinged,110,4.4727,0.955
Comes with the territory,101,4.604,0.8495
Cost an arm and a leg,105,4.9429,0.2713
Couldn't do without it,105,4.6667,0.7926
Count one's blessings,105,4.7714,0.5925
Cover a lot of ground,102,4.7353,0.6589
Cover all one's bases,110,4.7182,0.6515
Cover one's back,101,4.396,0.9282
Cover ones tracks,106,4.8019,0.5592
Crack the whip,102,4.3922,1.0914
Cramp someone's style,102,4.6471,0.7532
Cross one's fingers,103,4.8058,0.4862
Cross the line,107,4.8224,0.5105
Cry wolf,106,4.8868,0.4434
Cut a long story short,103,4.7573,0.6335
Cut corners,108,4.8333,0.4636
Cut something to the bone,102,3.9216,1.3102
Cut the cord,108,4.2222,1.1466
Cut to the chase,108,4.8796,0.3543
Cut your losses,100,4.7,0.7177
Cutting it close,102,4.8431,0.4613
Deal a blow to something,103,3.9029,1.2249
Dig one's own grave,108,4.7222,0.624
Dig up dirt on something/one,110,4.6909,0.7263
Do a double take,100,4.77,0.5835
Do a vanishing act,106,4.3396,1.1203
Do battle with someone,102,3.8529,1.2851
Do in cold blood,106,4.5189,0.9485
Do one's homework,100,4.68,0.7898
Do someone a world of good,106,4.717,0.6288
Do someone proud,100,4.6,0.7654
Do someone's dirty work,102,4.8333,0.4685
Do something against the clock,100,3.8,1.3409
Do something around the clock,100,4.61,0.8152
Do something at the drop of a hat,100,4.56,0.808
Do something behind closed doors,100,4.69,0.7063
Do something by the book,110,4.7818,0.4955
Do something for all you're worth,106,4.3491,1.0146
Do something from scratch,102,4.7745,0.5955
Do something in one's own time,102,4.402,1.0075
Do something in one's sleep,101,4.703,0.7422
Do something justice,105,4.6952,0.6221
Do something like there's no tomorrow,106,4.7264,0.6254
Do something on the spot,108,4.5463,0.9005
Do something right off the bat,101,4.6535,0.7541
Do something to one's heart's content,108,4.6574,0.7991
Do the trick,100,4.84,0.4654
Don't bank on something,110,4.5455,0.7856
Drag one's feet,5,4.7714,0.6241
Drag someone into the 21st Century,100,3.89,1.3625
Drag someone kicking and screaming,106,4.717,0.7528
Drag someone through the mud,108,4.537,0.8137
Draw the line,108,4.7315,0.4854
Drink someone under the table,103,4.2427,1.192
Drive a hard bargain,100,4.65,0.8211
Drive someone crazy,100,4.97,0.1714
Drive someone up the wall,108,4.8056,0.5712
Drop a bombshell,106,4.6321,0.8432
Drown one's sorrows,108,4.7222,0.6388
Dry as a bone,103,4.5243,1.0082
Earn one's keep,108,4.6944,0.6898
Eat someone alive,103,4.5825,0.8463
Eat someone for breakfast,102,3.9216,1.426
Extend the olive branch,108,4.3148,1.1891
Face the music,100,4.7,0.7454
Fall apart at the seams,103,4.6796,0.6747
Fall flat on one's face,102,4.7157,0.6804
Fall head over heels,100,4.87,0.5252
Fall into bad company,100,4.5,0.8819
Fall into one's lap,108,4.6296,0.7924
Fall off the wagon,100,4.72,0.7532
Fall on deaf ears,101,4.5545,1.0342
Fall through the cracks,110,4.6727,0.6651
Feel something in one's bones,108,4.5926,0.7239
Fight a losing battle,100,4.78,0.6289
Fight tooth and nail,103,4.7087,0.695
Find something hard to stomach,106,4.783,0.5346
Fit as a fiddle,110,4.2636,1.1706
Fit someone like a glove,102,4.8235,0.5153
Fit the bill,100,4.51,0.8703
Flex one's muscles,110,4.6,0.8588
Fly the coop,105,4.419,1.0357
From head to toe,108,4.0741,1.3234
Gather dust,110,4.4364,1.0711
Get a grip,102,4.7549,0.5876
Get a handle on something,101,4.6733,0.6498
Get a headstart,105,4.7333,0.7107
Get a kick out of (doing) something,102,4.8725,0.4144
Get a rise out of someone,110,4.5727,0.7952
Get a slap on the wrist,103,4.7864,0.6207
Get an earful,103,4.7961,0.5118
Get away from it all,101,4.802,0.4903
Get back on one's feet,100,4.92,0.3674
Get carried away,108,4.8981,0.3332
Get down to business,103,4.8252,0.5319
Get hot under the collar,107,4.2991,1.1093
Get in on the act,110,4.4091,1.0253
Get in on the ground floor,108,3.9259,1.432
Get into gear,101,4.495,0.9124
Get it together,107,4.7944,0.5946
Get more than one bargained for,100,4.82,0.5199
Get off on the wrong foot,103,4.8835,0.4034
Get off one's case,108,4.6204,0.7067
Get off the ground,103,4.3883,0.8882
Get off to a flying start,105,4.4857,0.9417
Get on one's soapbox,102,4.1961,1.3573
Get on someone's nerves,101,4.8515,0.3843
Get one's act together,101,4.8911,0.3435
Get out of hand,108,4.8333,0.5383
Get over the hump,102,4.5098,0.8413
Get someone off your back,100,4.62,0.7625
Get someone out of your hair,108,4.5093,0.8259
Get something out of one's system,105,4.8476,0.4553
Get something straight,108,4.4074,1.0325
Get the ball rolling,108,4.7315,0.6643
Get the better of someone/thing,100,4.69,0.6146
Get the message,101,4.7624,0.6025
Get the picture,100,4.85,0.4352
Get the sack,100,3.84,1.277
Get the upper hand,108,4.8611,0.3976
Get to the bottom of something,105,4.8095,0.5563
Get too big for one's boots,110,4.0909,1.2889
Get under someone's skin,100,4.8,0.586
Get up on the wrong side of the bed,107,4.7757,0.619
Get wind of something,108,4.6204,0.8171
Get your hands dirty,107,4.7103,0.6589
Getting above oneself,108,3.6574,1.435
Give a back-handed compliment,103,4.2427,1.192
Give one's right arm to do something,110,4.5727,0.9526
Give oneself a pat on the back,105,4.819,0.5332
Give someone a break,100,4.76,0.5527
Give someone a dirty look,103,4.8544,0.5672
Give someone a free ride,110,4.3909,0.987
Give someone a piece of your mind,110,4.8818,0.464
Give someone a run for their money,100,4.79,0.6079
Give someone a wide berth,100,3.31,1.6979
Give someone carte blanche,101,3.0495,1.5516
Give someone credit for something,103,4.7767,0.6558
Give someone grief,102,4.4608,0.9299
Give someone the benefit of the doubt,108,4.8056,0.5712
Give someone the boot,100,4.69,0.7344
Give someone the brush-off,110,4.4455,0.9246
Give someone the cold shoulder,100,4.8,0.5685
Give someone the creeps,105,4.8095,0.6216
Give someone the green light,100,4.82,0.5199
Give someone the run-around,107,4.6168,0.8539
Give someone the thumbs up,100,4.85,0.5
Give someone the willies,110,4.5455,0.8635
Give something a bad name,100,4.77,0.5096
Give something a whirl,102,4.6139,0.787
Go about your business,108,4.7778,0.6011
Go against the grain,108,4.6481,0.6601
Go all out,110,4.7727,0.6006
Go along for the ride,100,4.71,0.686
Go back to basics,103,4.7767,0.593
Go back to the drawing board,110,4.8545,0.4027
Go ballistic,102,4.7647,0.566
Go bananas,110,4.7545,0.638
Go belly up,103,4.5728,0.87
Go cold turkey,110,4.7727,0.6448
Go down the drain,100,4.64,0.7456
Go Dutch with someone,102,3.6667,1.6003
Go for broke,107,4.3832,1.0608
Go for the jugular,100,4.32,1.1966
Go from rags to riches,102,4.8824,0.4934
Go hand in hand,105,4.7714,0.5417
Go into overdrive,102,4.5588,0.7389
Go into something with one's eyes open,102,4.1176,1.1458
Go like clockwork,106,4.6698,0.7773
Go off on a tangent,108,4.4074,1.0855
Go off the deep end,102,4.8039,0.4459
Go off the record,107,4.5701,0.848
Go on a wild goose chase,105,4.7429,0.7599
Go out of one's mind,103,4.7087,0.6807
Go out of the window,107,4.3271,1.097
Go out of your way to do something,101,4.6832,0.7737
Go out on a limb,106,4.783,0.6325
Go out with a bang,108,4.7037,0.7395
Go pear-shaped,101,1.9208,1.2545
Go the distance,110,4.7545,0.5616
Go the extra mile,100,4.86,0.4025
Go through something with a fine-toothed comb,108,4.4444,1.0261
Go through the motions,107,4.6355,0.7319
Go through the roof,102,4.5,0.8531
Go through the wringer,100,4.1,1.3596
Go to a lot of trouble,100,4.72,0.6679
Go to first base,107,4.5047,0.915
Go to town,103,4.5049,0.8618
Go under the knife,102,4.4608,1.0017
Go up in flames,107,4.7103,0.6589
Go up in smoke,102,4.7647,0.5108
Grab the headlines,100,4.14,1.1549
Grin from ear to ear,102,4.8627,0.4675
Hang in the balance,100,4.21,1.1485
Hang on someone's every word,100,4.56,0.8683
Hang someone out to dry,100,4.5,1
Hate someone's guts,101,4.8614,0.5105
Have a bad hair day,100,4.66,0.8435
Have a bird's-eye view,103,4.7184,0.6919
Have a bone to pick ,108,4.6852,0.6788
Have a brainstorm,110,4.7182,0.6515
Have a change of heart,103,4.9223,0.3622
Have a chip on one's shoulder,103,4.6699,0.7845
Have a claim to fame,100,4.57,0.7688
Have a clean break,107,4.5234,0.8394
Have a crack at something,100,4.57,0.8905
Have a field day,108,4.7315,0.5897
Have a fighting chance,100,4.8,0.5125
Have a gentlemen's agreement,106,3.9057,1.3769
Have a gleam in one's eye,102,4.5294,0.7798
Have a good head on one's shoulders,102,4.7255,0.7058
Have a hidden agenda,108,4.7685,0.6206
Have a knee-jerk reaction,108,4.4444,1.0707
Have a long way to go,103,4.6796,0.7568
Have a lot on one's plate,100,4.81,0.5449
Have a lump in one's throat,106,4.5283,0.8751
Have a one-track mind,100,4.72,0.7118
Have a passing acquaintance with someone,100,3.87,1.3154
Have a screw loose,107,4.7383,0.7049
Have a silver lining,102,4.6863,0.7958
Have a sneaking suspicion,100,4.74,0.6296
Have a stab at something,102,4.6078,0.8224
Have a sweet tooth,102,4.8039,0.7317
Have a taste of one's own medicine,106,4.8679,0.3402
Have a thick skin,108,4.8241,0.5439
Have an attitude problem,106,4.783,0.5856
Have an axe to grind,101,4.3069,1.1202
Have bad blood (between),102,4.6373,0.7418
Have butterflies in one's stomach,107,4.8692,0.414
Have eyes in the back of one's head,110,4.7636,0.5735
Have had one/a few too many,103,4.8641,0.3444
Have one's eye on something,108,4.7222,0.6089
Have one's foot in the door,100,4.63,0.8122
Have one's head in the clouds,100,4.8,0.5125
Have someone's blood on one's hands,108,4.6111,0.7341
Have something down pat,108,4.6759,0.7341
Have something down to a fine art,107,4.4766,0.9649
Have something on the brain,102,3.7353,1.4137
Have something to prove,101,4.6436,0.7428
Have something under one's belt,106,3.9528,1.3759
Have something up one's sleeve,103,4.8932,0.3104
Have the ball in someone's court,100,4.75,0.6256
Have the goods on someone,103,3.9806,1.2365
Have the last laugh,110,4.8364,0.5163
Have the munchies,105,4.7143,0.8403
Have two left feet,110,4.4909,0.9554
Have your work cut out for you,102,4.8529,0.4955
Hear a pin drop,102,4.6863,0.6131
Hear something through the grapevine,101,4.7723,0.6765
Hedge one's bets,100,3.56,1.4929
Hit a glass ceiling,110,3.7545,1.4089
Hit below the belt,110,4.6818,0.6487
Hit rock bottom,101,4.8812,0.4071
Hit the books,108,4.7037,0.6871
Hit the ground running,100,4.59,0.842
Hit the hard stuff,108,3.8426,1.4087
Hit the hay,110,4.6818,0.8006
Hit the jackpot,102,4.8627,0.4675
Hit the mark,102,4.4902,0.8871
Hit the nail on the head,100,4.82,0.6094
Hit the sack,108,4.8333,0.5023
Hold a candle to something/one,100,4.28,1.1466
Hold a gun to someone's head,110,4.5636,0.9436
Hold all of the cards,102,4.5784,0.8137
Hold all the aces,100,3.98,1.2551
Hold down the fort,107,4.7009,0.7916
Hold one's own,102,4.7745,0.6119
In the eleventh hour,105,4.1048,1.3223
In the same breath,100,3.73,1.3622
Join the club,108,4.4722,1.0976
Jump on the bandwagon,103,4.7864,0.554
Jump through hoops,103,4.7476,0.5552
Keep a low profile,100,4.82,0.5199
Keep a straight face,108,4.8056,0.5375
Keep an open mind,108,4.9167,0.2777
Keep one's ear to the ground,108,4.0556,1.3729
Keep someone at arm's length,107,4.6636,0.7517
Keep someone guessing,100,4.65,0.7703
Keep someone in the dark,108,4.8056,0.5874
Keep someone on their toes,100,4.77,0.5835
Keep someone posted,102,4.6961,0.6718
Keep something at bay,101,4.2574,1.0738
Keep something under wraps,106,4.7075,0.7299
Keep your eyes open,110,4.4273,0.9811
Keep your head down,110,4.3,1.0096
Kill two birds with one stone,108,4.8519,0.4283
Kiss something goodbye,102,4.6961,0.7283
Knock heads together,100,4.12,1.1484
Knock someone's socks off,106,4.8396,0.5002
Know one's place,100,4.7,0.689
Know something inside out,100,4.77,0.5478
Know something like the back of one's hand,106,4.8774,0.4515
Know the score,105,4.3429,1.0816
Lay down the law,108,4.7593,0.5446
Lay something to rest,105,4.6952,0.6523
Learn something the hard way,102,4.7549,0.7504
Learn the ropes,110,4.7273,0.6194
Leave a bad taste in one's mouth,107,4.7383,0.7312
Leave no stone unturned,102,4.7059,0.7524
Leave one's mark,108,4.8056,0.4205
Leave oneself wide open,110,4.4818,0.9553
Leave someone in the lurch,108,3.1944,1.7372
Lend a hand,100,4.81,0.5979
Lend an ear,110,4.6182,0.7896
Let off steam,110,4.8091,0.5157
Let sleeping dogs lie,108,4.3056,1.211
Let someone off the hook,107,4.7757,0.6632
Let something slide,108,4.7315,0.6918
Let your hair down,108,4.5093,1
Lick one's chops,102,4.5,0.8646
Lick one's wounds,103,4.3981,0.9736
Lie through ones teeth,100,4.72,0.6828
Live a charmed life,101,4.2376,1.1675
Live in a dream world,100,4.62,0.6784
Look at the big picture,110,4.8455,0.4323
Look like a million bucks,110,4.8545,0.4459
Look out for number one,103,4.5243,0.9481
Look the part,105,4.6857,0.6696
Lose one's cool,103,4.9029,0.3288
Lose one's marbles,110,4.7909,0.5601
Lost one's edge,110,4.4545,0.8845
Love someone to bits,106,4.5377,0.9173
Love someone to pieces,107,4.6822,0.695
Make a beeline for something,106,4.4906,1.0442
Make a break for something,110,4.6636,0.6944
Make a killing,108,4.8241,0.6388
Make a splash,110,4.3636,1.0381
Make an ass of oneself,102,4.9118,0.3476
Make ends meet,100,4.86,0.4928
Make it big,110,4.5636,0.924
Make it worth someone's while,107,4.785,0.5832
Make no bones about something,107,3.9813,1.3527
Make one's bed,103,4.4757,0.9272
Make one's blood boil,100,4.75,0.7017
Make one's skin crawl,107,4.7383,0.6776
Make out like a bandit,110,4.6636,0.7931
Make someone's day,108,4.8426,0.4138
Make the best of something,108,4.8426,0.5664
Make the first move,108,4.75,0.6133
Mean the world to someone,108,4.9074,0.3217
Meet one's match,110,4.8455,0.4323
Meet someone halfway,106,4.7453,0.6026
Mind one's own business,103,4.8058,0.6724
Miss the boat,105,4.4952,0.9818
Miss the bus,106,4.0189,1.3164
Miss the point,106,4.8396,0.4808
Move up the ladder,107,4.729,0.6077
Name names,100,4.33,1.0923
Need fresh blood,102,4.3333,0.9884
Nip something in the bud,108,4.7407,0.7021
No bed of roses,110,4.3182,1.1082
No hard feelings,101,4.5149,1.016
Not be cut out for something,108,4.6574,0.7255
Not be exactly a barrel of laughs,102,4.2843,0.9788
Not be rocket science,100,4.83,0.5515
Not be up to par,108,4.7222,0.7341
Not dream of doing something,102,4.7157,0.7227
Not have a clue,103,4.8447,0.4374
Not know someone from Adam,103,4.0485,1.3675
Not lift a finger,107,4.7664,0.6231
Not say a word,100,4.73,0.7227
Not sleep a wink,110,4.7364,0.7126
Not someone's cup of tea,100,4.85,0.5
Not take something lying down,107,4.3084,1.0938
Not taking no for an answer,110,4.8,0.6027
Off the top of one's head,107,4.6636,0.812
One of those days,106,4.8962,0.3361
Only have eyes for someone,107,4.8224,0.6415
Open doors for someone,107,4.7196,0.6976
Outstay your welcome,103,4.6602,0.7989
Pass the torch,105,4.6857,0.6551
Pass with flying colors,106,4.9245,0.2991
Pat someone on the back,101,4.6535,0.7541
Pave the way,108,4.7593,0.6094
Pay one's dues,105,4.7714,0.5236
Pay the price,108,4.8796,0.3798
Pick someone's brain,108,4.6481,0.8351
Pick up the ball and run with it,101,4.4158,0.9619
Pick up the tab,102,4.6961,0.7146
Pinch pennies,100,4.69,0.7614
Place something on a pedestal,108,4.8241,0.5265
Play ball,107,4.4206,0.9716
Play cat and mouse,108,4.6019,0.7481
Play chicken,101,4.4356,0.8879
Play devil's advocate,108,4.537,0.8475
Play one's cards right,108,4.8704,0.3641
Play one's last card,110,4.1455,1.1239
Play something by ear,100,4.69,0.7614
Play the field,102,4.6275,0.7025
Point someone in the right direction,100,4.84,0.4431
Preach to the crowd,105,3.9048,1.411
Pull oneself up by their bootstraps,110,4.3818,1.0664
Pull out all the stops,103,4.5728,0.7995
Pull rank on someone,102,4.0294,1.3309
Pull some strings,103,4.8252,0.4522
Pull something out of a hat,108,4.2778,1.0575
Pull something out of the bag,110,4.0455,1.1916
Pull the rug out from under someone,106,4.566,0.8167
Push someone's buttons,108,4.8333,0.3986
Push your luck,105,4.9048,0.3259
Put a damper on something,110,4.4364,0.9533
Put all one's eggs in one basket,108,4.7593,0.5939
Put all your cards on the table,100,4.79,0.456
Put down roots,100,4.03,1.3593
Put on a brave face,102,4.598,0.8704
Put one's foot down,108,4.8981,0.4088
Put oneself in someone else's shoes,103,4.8835,0.3224
Put out feelers,101,3.7525,1.4725
Put someone in their place,102,4.8137,0.5214
Put someone on the spot,108,4.7778,0.5354
Put someone out of their misery,108,4.8148,0.5662
Put something on the map,108,4.3241,1.0663
Put something to bed,102,4.2941,1.0107
Put words into someone's mouth,101,4.802,0.5103
Put your back into it,108,4.3704,1.073
Quake in one's boots,108,4.4167,1.0151
Rack one's brain,102,4.6471,0.8283
Rain on someone's parade,100,4.84,0.5069
Rake someone over the coals,108,4.0556,1.3523
Rattle someone's cage,102,4.451,0.8632
Reach the boiling point,107,4.6168,0.7604
Read between the lines,108,4.8704,0.3889
Read someone like a book,103,4.8738,0.388
Read someone's mind,101,4.8515,0.5174
Read too much into something,103,4.767,0.5277
Recharge one's batteries,102,4.5882,0.8484
Reinvent the wheel,102,4.4118,0.9785
Remain nameless,106,4.283,1.1691
Rest one's case,108,4.6944,0.6898
Rise to the bait,102,3.1275,1.5962
Rock the boat,101,4.604,0.8376
Roll out the red carpet,101,4.6337,0.8333
Roll up one's sleeves,107,4.4953,0.9454
Roll with the punches,105,4.7048,0.6923
Rub someone's nose in something,110,4.6818,0.7286
Run someone ragged,106,4.3868,1.0741
Run something into the ground,108,4.5278,0.8141
Saved by the bell,108,4.7222,0.7341
Say something behind someone's back,108,4.75,0.8103
Say something under one's breath,106,4.6509,0.8286
Scare someone out of their wits,103,4.6019,0.8324
Scare the living daylights out of someone,110,4.8091,0.5157
Score points with someone,100,4.45,0.9143
Scrape the bottom of the barrel,100,4.5,0.9045
Scratch the surface,102,4.6863,0.7173
See the color of someone's money,100,2.83,1.393
See the light,100,4.77,0.6172
See the light of day,105,4.6,0.9051
Sell like hot cakes,106,4.7736,0.6216
Sell someone short,100,4.63,0.8246
Send a chill down one's spine,110,4.8273,0.5043
Send someone packing,102,4.7451,0.6083
Set the record straight,110,4.8545,0.4248
Set the stage,100,4.6061,0.7385
Set up shop,103,4.5243,0.8614
Set your heart on something,100,4.77,0.6491
Share common ground,100,4.69,0.662
She won't bite,105,4.619,0.8249
Shoot oneself in the foot,100,4.6364,0.8487
Shoot the breeze,108,4.4352,1.0789
Shout something from the rooftops,103,4.6408,0.7651
Show one's true colors,102,4.902,0.2988
Show someone the door,108,4.713,0.6705
Show someone who's boss,108,4.7593,0.7087
Sign on the dotted line,108,4.6574,0.7991
Sing someone's praises,110,4.5545,0.8523
Sink or swim,103,4.7573,0.7471
Sit up and take notice,103,4.4757,0.9686
Sleep like a baby,110,4.9,0.4052
Slip someone's mind,101,4.8317,0.4017
Smell a rat,108,4.6944,0.7164
Soften the blow,102,4.6961,0.7934
Someone's bark is worse than their bite,102,4.8725,0.3898
Someone's days are numbered,100,4.81,0.5631
Someone's hands are tied,105,4.8,0.5948
Something has seen better days,105,4.8667,0.3939
Something the cat dragged in,107,4.5327,0.9348
Speak the same/someone's language,105,4.8095,0.5206
Speak your mind,102,4.8039,0.6899
Spill one's guts,106,4.783,0.5691
Spread one's wings,103,4.6311,0.6714
Spread oneself too thin,100,4.5,1
Stand one's ground,108,4.8333,0.4834
Stand out from the crowd,103,4.767,0.703
Stand the test of time,106,4.717,0.7139
Stay on track,108,4.6759,0.7212
Steal someone's thunder,100,4.68,0.7505
Steal the show,100,4.82,0.5752
Stick one's neck out,106,4.5755,0.9456
Strike a chord with someone,108,4.5833,0.7627
Strike gold,100,4.77,0.6006
Strike while the iron is hot,102,4.3431,1.0763
Swallow one's pride,103,4.8544,0.4517
Sweep the board,103,3.1553,1.4803
Take a beating,108,4.7685,0.5737
Take a bite out of something,107,3.9813,1.3245
Take a raincheck,107,4.757,0.6707
Take a trip down memory lane,103,4.8932,0.3104
Take its toll,110,4.7727,0.5851
Take one's breath away,100,4.89,0.3732
Take someone at their word,103,4.6019,0.7839
Take someone down a peg or two,101,4.396,1.0962
Take someone under one's wing,102,4.8627,0.4231
Take something by storm,107,4.514,0.9353
Take something the wrong way,102,4.7941,0.65
Take the cake,108,4.1667,1.2036
Take the easy way out,100,4.84,0.5069
Take the edge off something,108,4.6852,0.6212
Take the plunge,103,4.6796,0.6296
Take the rap for something,108,4.7037,0.6594
Take your pick,102,4.3922,1.0545
Talk shop,101,3.8416,1.3692
Teach someone a thing or two,105,4.8095,0.5018
Teach someone the ropes,108,4.7963,0.5597
Tear your hair out,103,4.6408,0.712
Tempt fate,103,4.4466,0.9875
Test the waters,108,4.713,0.642
Thank ones lucky stars,107,4.7009,0.6897
The honeymoon is over,100,4.5,1
Think on one's feet,100,4.59,0.8539
Think outside the box,105,4.9048,0.4049
Throw a fit,100,4.72,0.6828
Throw caution to the wind,103,4.7087,0.695
Throw one's hat in the ring,103,4.233,1.1649
Throw someone a curveball,108,4.7685,0.5571
Throw someone off balance,107,4.5981,0.8226
Throw someone to the dogs,100,4.47,0.8582
Throw your weight around,100,4.48,0.9264
Tie up loose ends,101,4.7525,0.59
Tip the balance,108,4.0463,1.2484
To go ape,110,4.3455,0.9994
To mean business,106,4.8019,0.576
Touch base,110,4.5909,0.8272
Treat someone like dirt,102,4.8922,0.342
Tug at someone's heartstrings,108,4.6296,0.8156
Turn a deaf ear to something,100,4.43,1.0469
Turn over a new leaf,100,4.74,0.6609
Turn something inside out,101,4.1584,1.1111
Turn the tables,107,4.7383,0.6492
Turn your back on something,100,4.68,0.7231
Twist someone's arm,107,4.7103,0.6869
Up the ante,106,4.566,0.9564
Upset the applecart,103,2.5825,1.6892
Use someone as a punching bag,102,4.6765,0.6319
Vanish into thin air,102,4.7843,0.5738
Wait on someone hand and foot,103,4.7379,0.7271
Walk on air,108,4.5926,0.7738
Walk on eggshells,110,4.6818,0.7411
Want a piece of the action,110,4.4091,1.0253
Waste one's breath,108,4.7778,0.5176
Watch one's mouth,108,4.5463,0.9411
Watch someone like a hawk,107,4.8411,0.4788
Watch your back,101,4.6832,0.8824
Wear more than one hat,110,4.0909,1.3031
Wear one's heart on their sleeve,100,4.66,0.7813
Welcome someone with open arms,108,4.9444,0.2301
Whet someone's appetite,100,3.78,1.4255
Wield the axe,102,3.0784,1.405
Win brownie points,103,4.767,0.5637
Wine and dine someone,107,4.5514,0.9638
Wipe the grin off someone's face,103,4.6505,0.7503
With a vengeance,110,4.4,1.051
With bated breath,105,3.381,1.6016
With one's back to the wall,110,4.3364,1.0775
Without missing a beat,105,4.7905,0.4941
Won't break the bank,103,4.6699,0.6005
Work like a charm,106,4.8868,0.3734
Wrap someone around one's little finger,108,4.8796,0.3798
Write the book on something,100,4.43,1.0372
Zip one's lip,105,4.5619,0.9295