Expression,# of ratings (n=),Fam,FamSD
Bare one's soul,105,2.981,1.2008
Be a babe in the woods,106,1.8302,1.0821
Be a backseat driver,103,3.9903,1.1923
Be a bad apple in the barrel,107,2.0748,1.155
Be a balancing act,107,3.1776,1.3233
Be a ball and chain,104,2.9135,1.2472
Be a ballpark figure,107,3.514,1.1765
Be a basketcase,107,3.4206,1.1413
Be a bit much,107,4.0093,1.014
Be a blast from the past,105,3.3714,1.1373
Be a blessing in disguise,104,3.9808,1.174
Be a breath of fresh air,104,3.8654,1.1153
Be a breeze,105,4.0476,1.0865
Be a bumpy ride,104,3.6346,1.0799
Be a bundle of nerves,109,3.0092,1.3777
Be a busy bee,104,3.4038,1.1948
Be a can of worms,107,3.028,1.3064
Be a carbon copy,104,3.0385,1.2062
Be a Catch 22,107,3.3271,1.2114
Be a cheap shot,107,3.8785,1.1303
Be a chink in someone's armor,103,2.3592,1.0558
Be a chip off the old block,106,3.3491,1.2501
Be a class act,107,3.5421,1.2307
Be a close call,106,4.5,0.9076
Be a cog in the machine,104,2.0385,1.1818
Be a conversation piece,107,3.1402,1.2771
Be a couch potato,107,4.0187,1.0638
Be a creature of habit,104,3.7212,1.11
Be a dark horse,104,2.5673,1.26
Be a dead ringer for someone,107,2.8785,1.3082
Be a different animal,103,2.4757,1.2434
Be a done deal,107,4.1308,0.9425
Be a double whammy,107,3.0187,1.2513
Be a double-edged sword,104,3.6923,1.0341
Be a drag,107,3.1963,1.3135
Be a drop in the ocean,104,2.4423,1.2214
Be a fallen angel,106,2.1981,1.2978
Be a false alarm,104,4.2308,1.0262
Be a feather in one's cap,105,2.3619,1.2719
Be a flash in the pan,107,2.1121,1.2688
Be a glutton for punishment,107,3.2991,1.2302
Be a guinea pig,109,3.2477,1.2704
Be a happy medium,107,3.2897,1.221
Be a hard act to follow,107,3.6355,1.1192
Be a hard sell,103,3.3398,1.1762
Be a household name,104,3.2019,1.3751
Be a jack of all trades,105,3.7238,1.1137
Be a knight in shining armor,106,3.4434,1.1219
Be a ladies' man,107,3.972,1.0502
Be a lost cause,105,4.0476,0.9546
Be a mamma's boy,104,4,1.0794
Be a melting pot,104,3.0192,1.2462
Be a mixed bag,105,2.4762,1.1937
Be a mutual admiration society,103,1.7961,1.2156
Be a needle in a haystack,104,3.9615,1.0876
Be a nervous wreck,103,4.2913,0.9355
Be a no-win situation,107,3.9065,1.1371
Be a one-man band,105,2.6095,1.2747
Be a party pooper,106,3.8868,1.0357
Be a piece of cake,109,4.5046,0.8457
Be a powder keg,105,2.2095,1.2837
Be a quick fix,104,4.0577,1.0412
Be a race against time,105,3.6667,1.1065
Be a ray of sunshine,104,3.4808,1.174
Be a recipe for disaster,106,3.6604,1.0857
Be a recipe for success,104,3.5096,1.1987
Be a riot,107,3.2336,1.3288
Be a rule of thumb,109,3.5596,1.1008
Be a safe bet,107,4.1776,0.9597
Be a shadow of one's former self,103,2.9417,1.2113
Be a shot in the dark,105,3.7048,1.0735
Be a shoulder to cry on,105,3.9524,0.9646
Be a sight for sore eyes,107,3.6542,1.1824
Be a smart alec,106,3.5283,1.3181
Be a smooth ride,105,3.3143,1.1711
Be a step in the right direction,106,4.3113,0.8207
Be a stumbling block,104,3.0673,1.3601
Be a sucker for something,105,3.3905,1.2208
Be a thorn in one's side,106,3.2453,1.2252
Be a three-ring circus,105,2.5619,1.2475
Be a tough cookie,107,3.5327,1.2156
Be a vicious circle,106,3.5189,1.3182
Be a wet blanket,104,2.2981,1.2218
Be a wild card,105,2.9905,1.2286
Be a window of opportunity,109,3.6789,1.1129
Be a win-win situation,106,4.3585,0.7708
Be across the board,104,2.9808,1.1904
Be ahead of one's time,109,3.578,1.2041
Be ahead of the game,105,3.7429,1.0472
Be alive and kicking,106,3.6132,1.1176
Be all doom and gloom,106,2.9623,1.2643
Be all dressed up with nowhere to go,106,3.3019,1.2886
Be all ears,106,3.6509,1.1633
Be all in a day's work,104,3.9135,1.0438
Be all over someone,104,3.9327,1.0996
Be all over the place,103,4.068,0.921
"Be all-singing, all-dancing",109,1.8624,1.1095
Be an acquired taste,107,3.8692,1.0558
Be an eager beaver,103,2.8058,1.1887
Be an early bird,103,4,1.029
Be an item,103,3.4175,1.2088
Be an open book,105,3.6286,1.1202
Be an unholy alliance,106,2.1604,1.1392
Be anybody's guess,107,3.8785,1.0435
Be as tough as boots,104,1.5,0.859
Be asking for it,104,4.25,0.8785
Be at a loss for words,106,4.283,0.848
Be at death's door,106,3.3962,1.2006
Be at each other's throats,107,3.8692,1.0823
Be at one's wit's end,105,3.8286,1.0783
Be at someone's beck and call,107,3.0374,1.3312
Be at the back of one's mind,104,4.0385,1.0421
Be back at square one,105,3.7238,0.9951
Be behind something,107,3.4393,1.2825
Be bent on doing something,104,2.8365,1.3154
Be big on something,103,2.9806,1.2444
Be cannon fodder,107,1.9626,1.2357
Be caught napping,106,2.6604,1.2938
Be caught short,103,2.7573,1.3753
Be climbing the walls,103,3.0777,1.3113
Be close to one's heart,106,3.6321,1.1978
Be clued in about something,106,2.6321,1.1978
Be dead in the water,103,2.932,1.2545
Be dead to the world,104,3.3269,1.3179
Be down in the dumps,107,3.7103,1.1737
Be dressed to kill,106,3.4245,1.2494
Be easy money,105,4,0.888
Be easy on the eye,103,3.4272,1.3106
Be fed up with something/one,103,4.2718,0.8654
Be firing on all cylinders,105,2.9905,1.3265
Be from all walks of life,104,3.5962,1.2348
Be full of holes,107,2.4299,1.4414
Be full of oneself,104,4.1346,1.0054
Be grasping at straws,104,3.4519,1.2218
Be green with envy,104,3.3269,1.3252
Be hard to swallow,104,3.8173,0.9113
Be hot off the press,107,3,1.3941
Be hung up on something,106,3.1132,1.2897
Be icing on the cake,105,3.981,1.1179
Be in a vacuum,103,2.1262,1.1605
Be in a world of one's own,106,3.6038,1.2242
Be in cahoots with,107,2.9439,1.3724
Be in good company,106,3.8774,1.0301
Be in mint condition,107,4.1121,1.0124
Be in one's blood,104,3.5769,1.1716
Be in one's element,104,3.3942,1.1776
Be in someone's clutches,109,2.2385,1.1458
Be in someone's good graces,107,3.2056,1.257
Be in the air,104,3.2692,1.2166
Be in the black,106,2.566,1.2346
Be in the cards,106,3.0566,1.344
Be in the driver's seat,107,3.4579,1.2685
Be in the hot seat,106,3.4151,1.1618
Be in the public eye,109,3.4679,1.3442
Be in the running,107,3.5047,1.1191
Be in the same ballpark,104,3.4135,1.2036
Be in the spotlight,105,3.6286,1.1788
Be larger than life,103,3.6699,1.2398
Be left holding the bag,107,2.5981,1.4332
Be let off lightly,107,2.5701,1.4083
Be like a slap in the face,106,4.0377,1.0228
Be no big deal,106,4.7736,0.5901
Be no spring chicken,105,3,1.3798
Be none the wiser,104,3.2115,1.2122
Be not all there,103,3.932,1.1225
Be nuts about something,107,3.6542,1.1983
Be off base,103,3.2913,1.2258
Be off one's rocker,104,3.5096,1.2385
Be off the cuff,109,2.3119,1.184
Be on a slippery slope,103,3.4854,1.1278
Be on auto-pilot,106,3.4434,1.3099
Be on someone's back,107,3.2523,1.3947
Be on the ball,104,3.9135,1.0531
Be on the edge of one's seat,103,3.9612,1.009
Be on the go,106,3.6038,1.2473
Be on the horizon,106,2.9057,1.2462
Be on the mend,107,2.8037,1.2991
Be on the receiving end of something,106,3.4528,1.1722
Be on the tip of one's tongue,104,4.3143,0.8695
Be on the warpath,104,3.0865,1.2472
Be on top of the world,103,4.1165,0.9732
Be one of the boys,103,3.6117,1.1567
Be one's best bet,107,4.0748,0.9781
Be out cold,106,3.9057,1.0913
Be out for blood,106,3.5094,1.2286
Be out like a light,104,3.9327,1.2169
Be out of bounds,104,3.3173,1.3312
Be out of it,107,4.0467,1.1022
Be out of line,103,4.3592,0.9378
Be out of one's league,104,3.8942,1.0513
Be out of order,104,3.8846,1.1931
Be out of the blue,104,4.0481,1.0647
Be out of the closet,105,3.7238,1.2519
Be out of the question,109,4.2752,0.87
Be out of touch,104,3.8942,1.0696
Be out to lunch,105,3.0571,1.3575
Be over the moon,109,2.6514,1.2865
Be quick on the draw,105,2.9143,1.2643
Be ready to roll,107,3.9439,1.0625
Be right up someone's alley,106,3.8491,1.0672
Be rolling in the aisles,107,2.1121,1.1271
Be sacrifice on the altar of something,107,1.4486,0.8153
Be short and sweet,106,4.2642,0.9592
Be sitting on a goldmine,104,3.0769,1.2974
Be skating on thin ice,105,3.5333,1.2715
Be small potatoes,103,2.4466,1.3115
Be sold on something,103,3.5922,1.0976
Be someone's baby,106,3.2453,1.3224
Be someone's bag of tricks,104,2.9231,1.1716
Be someone's better half,104,4.0769,0.9522
Be someone's bread and butter,107,3.1682,1.2551
Be someone's finest hour,107,3.3364,1.2127
Be someone's other half,105,3.5714,1.1755
Be someone's partner in crime,104,3.9038,1.084
Be spoken for,104,3.3654,1.2072
Be the apple of someone's eye,103,3.3107,1.2527
Be the bane of someone's existence,105,2.8,1.289
Be the bomb,109,3.6239,1.2604
Be the boy/girl next door,107,3.6916,1.262
Be the cream of the crop,103,3.5243,1.1448
Be the lesser of two evils,104,4.0769,1.0945
Be the life of the party,104,4.1827,1.0026
Be the moment of truth,107,4.1402,1.0042
Be the odd one out,107,3.3458,1.1744
Be the unsung hero,107,2.9065,1.2173
Be thrilled to bits,106,2.4245,1.2417
Be too rich for one's blood,104,2.7981,1.3026
Be under the influence,106,4.0755,1.0392
Be up and running,105,3.8286,1.122
Be up in arms about something,103,3.3495,1.2022
Be up in the air,104,4.1154,0.8956
Be wide open,106,3.4623,1.3882
Be without rhyme or reason,105,3.219,1.1928
Be young at heart,104,3.8462,1.0682
Be/fall under someone's spell,107,3.1495,1.164
Be/feel under the weather,105,4.2,0.8923
Be/get a rude awakening,107,4.0187,1.0277
Be/get up to speed,104,3.8365,1.1584
Beat around the bush,104,3.7308,1.134
Beat the system,104,3.6635,1.1542
Been around the block,109,3.5138,1.2294
Bite one's tongue,109,4.0826,0.973
Bite someone's head off,109,3.6881,1.2149
Bite the dust,107,3.3458,1.1824
Bleed someone dry,106,3.0566,1.2408
Blow someone's cover,106,3.4811,1.1971
Blow something out of the water,107,3.1495,1.2575
Blow something sky-high,105,2.6095,1.2208
Blow something wide open,107,3.0467,1.284
Blow the lid off something,103,2.8447,1.2815
Blow the whistle on something,106,2.6226,1.2532
Blow up in one's face,105,3.9333,0.9734
Bore the pants off someone,107,2.5981,1.2802
Bored out of one's skull/mind,106,4.3962,0.9429
Bounce ideas off someone,107,3.5421,1.2307
Break one's back,109,3,1.3403
Break someone's heart,107,4.4766,0.8832
Break the ice,107,3.6636,1.1732
Bring something to the party,103,2.3204,1.1981
Broaden one's horizons,105,3.3429,1.1834
Build a bridge,104,2.1058,1.1399
Burn a hole in one's pocket,106,3.6981,1.1056
Burn the candle at both ends,104,3.125,1.3559
Burn the midnight oil,106,2.6321,1.2674
Burst someone's bubble,105,3.9429,0.9181
Bury one's head in the sand,106,3.1698,1.191
Bury the hatchet,104,3.5192,1.0882
Call it a day,106,4.1604,1.0613
Call it quits,104,4.0577,1.1133
Call someone's bluff,104,3.6346,1.1065
Call the shots,106,3.8868,1.0895
Carry a torch for someone,104,2.625,1.3086
Cash in one's chips,105,2.5048,1.2944
Catch one's breath,103,3.7573,1.1671
Catch some Z's,103,3.5728,1.1598
Catch someone in the act,104,4.1538,0.8897
Catch someone off guard,104,4.3077,0.9251
Catch someone red-handed,104,3.9712,1.11
Catch someone with their pants down,107,3.4019,1.1232
Catch someone's drift,107,3.3925,1.2794
Catch someone's eye,106,3.8491,1.1447
Catch your second wind,104,3.7981,1.1006
Caught between a rock and a hard place,107,3.9252,1.079
Cause a stir,103,3.1165,1.1989
Chance your luck,107,1.9533,1.1686
Chomping at the bit,109,3.0459,1.2938
Clean up one's act,106,3.8113,1.0338
Clear away the cobwebs,103,2.301,1.1011
Come clean,103,3.8641,1.076
Come down hard on someone,104,3.6635,1.1626
Come full circle,104,3.5288,1.2919
Come in from the cold,104,2.6538,1.2677
Come on strong,104,3.7788,1.1655
Come out of one's shell,104,3.6923,1.0801
Come out of the woodwork,104,3.2596,1.1905
Come out on top,106,3.7925,1.185
Come to a crossroads,106,3.1887,1.139
Come to blows,104,3.2596,1.2618
Come to one's senses,103,4.3981,0.7963
Come to pass,104,3.4327,1.2209
Come unhinged,106,2.8868,1.1978
Comes with the territory,104,3.6442,1.0786
Cost an arm and a leg,106,4.283,0.8702
Couldn't do without it,106,3.6698,1.193
Count one's blessings,106,4,1.0235
Cover a lot of ground,107,3.785,1.0991
Cover all one's bases,106,3.6981,1.0706
Cover one's back,104,3.375,1.3737
Cover ones tracks,106,3.8019,1.0367
Crack the whip,107,3.2991,1.1913
Cramp someone's style,105,3.5238,1.1775
Cross one's fingers,105,4.3333,0.9574
Cross the line,103,4.1262,0.987
Cry wolf,106,3.3396,1.2489
Cut a long story short,107,3.8598,1.1113
Cut corners,109,3.9541,1.0218
Cut something to the bone,107,2.2617,1.1018
Cut the cord,103,2.8641,1.0102
Cut to the chase,109,3.789,1.131
Cut your losses,104,3.8173,1.104
Cutting it close,105,4.2762,0.8933
Deal a blow to something,105,2.4476,1.1601
Dig one's own grave,103,3.5728,1.1255
Dig up dirt on something/one,104,3.4038,1.145
Do a double take,104,3.8558,1.0921
Do a vanishing act,106,2.566,1.0781
Do battle with someone,105,2.4095,1.2837
Do in cold blood,106,3.1887,1.2353
Do one's homework,104,4.0865,1.0982
Do someone a world of good,106,3.6038,1.0017
Do someone proud,104,3.2692,1.294
Do someone's dirty work,105,3.6857,1.068
Do something against the clock,104,2.2404,1.2733
Do something around the clock,104,3.0769,1.356
Do something at the drop of a hat,104,3.4615,1.2301
Do something behind closed doors,104,3.3942,1.3103
Do something by the book,104,3.8846,0.938
Do something for all you're worth,106,2.9245,1.1015
Do something from scratch,107,4.028,1.0502
Do something in one's own time,107,3.1121,1.2762
Do something in one's sleep,104,3.7981,1.2258
Do something justice,106,3.3679,1.2522
Do something like there's no tomorrow,106,3.3302,1.1688
Do something on the spot,109,3.3211,1.2973
Do something right off the bat,104,3.8269,1.0653
Do something to one's heart's content,107,3.5514,1.2456
Do the trick,104,4.0577,1.122
Don't bank on something,106,3.1981,1.253
Drag one's feet,106,3.7264,1.1173
Drag someone into the 21st Century,104,2.2019,1.2724
Drag someone kicking and screaming,106,3.4623,1.1395
Drag someone through the mud,109,3,1.3264
Draw the line,107,3.7944,1.1715
Drink someone under the table,107,3.2897,1.3459
Drive a hard bargain,104,3.6923,1.0619
Drive someone crazy,104,4.6154,0.7414
Drive someone up the wall,109,3.8807,1.1763
Drop a bombshell,106,3.3491,1.1384
Drown one's sorrows,109,3.4037,1.2847
Dry as a bone,107,3.2056,1.3787
Earn one's keep,103,3.6699,1.1149
Eat someone alive,105,3.3524,1.2933
Eat someone for breakfast,107,2.271,1.3775
Extend the olive branch,107,2.7383,1.208
Face the music,104,3.2885,1.2822
Fall apart at the seams,107,3.2523,1.2745
Fall flat on one's face,105,3.6952,1.1105
Fall head over heels,104,3.9519,1.0463
Fall into bad company,104,2.7308,1.2325
Fall into one's lap,109,3.2569,1.2353
Fall off the wagon,104,3.4327,1.2129
Fall on deaf ears,104,3.3077,1.1327
Fall through the cracks,106,3.8208,1.0216
Feel something in one's bones,103,3.3495,1.2264
Fight a losing battle,104,3.8269,1.1099
Fight tooth and nail,107,3.514,1.2314
Find something hard to stomach,106,3.5189,1.2129
Fit as a fiddle,106,2.9057,1.3204
Fit someone like a glove,105,3.6667,1.0978
Fit the bill,104,3.3077,1.089
Flex one's muscles,104,3.4904,1.2306
Fly the coop,106,2.783,1.2799
From head to toe,109,3.4862,1.281
Gather dust,106,3.217,1.3166
Get a grip,107,3.9439,1.0974
Get a handle on something,104,3.7596,1.1363
Get a headstart,106,3.8774,1.1687
Get a kick out of (doing) something,105,4.2571,0.9202
Get a rise out of someone,106,3.434,1.0692
Get a slap on the wrist,105,3.9905,1.0237
Get an earful,107,3.7103,1.0903
Get away from it all,104,3.9808,1.0426
Get back on one's feet,104,4.0865,0.8825
Get carried away,107,4.4766,0.7567
Get down to business,105,4.1429,0.955
Get hot under the collar,103,2.9903,1.2872
Get in on the act,106,3.1698,1.2381
Get in on the ground floor,107,2.8598,1.232
Get into gear,104,3.0673,1.2639
Get it together,103,4.0194,1.0754
Get more than one bargained for,104,4.1442,0.9894
Get off on the wrong foot,105,4.1048,0.9896
Get off one's case,107,3.3364,1.1812
Get off the ground,105,2.9619,1.2241
Get off to a flying start,106,2.9245,1.378
Get on one's soapbox,107,3,1.2514
Get on someone's nerves,104,4.5096,0.8243
Get one's act together,104,4.0769,0.9823
Get out of hand,103,4.3786,0.7936
Get over the hump,105,2.9714,1.383
Get someone off your back,104,3.5,1.1148
Get someone out of your hair,109,3.0092,1.2435
Get something out of one's system,106,4.0377,1.0413
Get something straight,107,3.6449,1.2228
Get the ball rolling,103,4.068,0.9421
Get the better of someone/thing,104,3.5865,1.1026
Get the message,104,4.2885,0.9722
Get the picture,105,4.0192,1.1319
Get the sack,104,2.1154,1.2795
Get the upper hand,107,3.972,1.0229
Get to the bottom of something,106,3.9434,1.1026
Get too big for one's boots,106,2.6321,1.2598
Get under someone's skin,104,3.9231,1.0211
Get up on the wrong side of the bed,103,4.3689,0.8401
Get wind of something,103,3.5534,1.1693
Get your hands dirty,103,3.699,1.1188
Getting above oneself,103,2.3592,1.1189
Give a back-handed compliment,105,2.8095,1.3163
Give one's right arm to do something,104,3.0962,1.2269
Give oneself a pat on the back,106,3.8208,1.2016
Give someone a break,104,4.0673,1.0265
Give someone a dirty look,105,4.2857,0.9579
Give someone a free ride,106,3.6226,1.1502
Give someone a piece of your mind,106,4.3679,0.8544
Give someone a run for their money,104,4.0192,0.9949
Give someone a wide berth,104,2.2019,1.2178
Give someone carte blanche,104,2.1442,1.2727
Give someone credit for something,107,4.0561,1.0171
Give someone grief,107,3.271,1.2706
Give someone the benefit of the doubt,103,4.4369,0.7627
Give someone the boot,104,3.2212,1.2615
Give someone the brush-off,104,2.9135,1.2077
Give someone the cold shoulder,104,3.8846,1.0549
Give someone the creeps,106,4.1132,0.9983
Give someone the green light,104,3.625,1.1839
Give someone the run-around,103,3.8544,1.004
Give someone the thumbs up,104,3.9808,1.0238
Give someone the willies,104,3.0385,1.2379
Give something a bad name,104,3.5769,1.2361
Give something a whirl,104,3.2596,1.0334
Go about your business,107,4.0654,0.9836
Go against the grain,107,3.1682,1.1775
Go all out,104,4.25,0.9322
Go along for the ride,104,3.8846,0.938
Go back to basics,107,3.5327,1.1681
Go back to the drawing board,104,3.7788,1.0516
Go ballistic,105,3.9429,1.0816
Go bananas,106,3.2547,1.1957
Go belly up,105,3.1048,1.1174
Go cold turkey,106,4.0189,1.0599
Go down the drain,104,3.7596,1.1104
Go Dutch with someone,107,2.271,1.1862
Go for broke,103,3.2039,1.3013
Go for the jugular,104,3.0288,1.2653
Go from rags to riches,105,3.4857,1.2718
Go hand in hand,106,3.6792,1.1996
Go into overdrive,105,2.9429,1.2544
Go into something with one's eyes open,107,3.0935,1.3704
Go like clockwork,106,3.717,1.1853
Go off on a tangent,103,3.6019,1.1744
Go off the deep end,105,3.8762,1.0067
Go off the record,103,3.3786,1.2455
Go on a wild goose chase,106,3.4906,1.1062
Go out of one's mind,107,3.972,1.1282
Go out of the window,103,3.1456,1.2478
Go out of your way to do something,104,4.125,0.9419
Go out on a limb,106,4.0094,1
Go out with a bang,103,3.8738,1.0163
Go pear-shaped,104,1.4423,0.8794
Go the distance,104,3.5288,1.1738
Go the extra mile,104,3.9231,1.0675
Go through something with a fine-toothed comb,103,3.3883,1.2775
Go through the motions,103,3.7767,1.1541
Go through the roof,105,3.6286,1.1373
Go through the wringer,104,2.5865,1.1709
Go to a lot of trouble,104,4.1154,1.0731
Go to first base,103,3.0194,1.2206
Go to town,105,3.5143,1.2178
Go under the knife,107,3.3178,1.2708
Go up in flames,103,3.7184,1.0794
Go up in smoke,105,3.5619,1.0645
Grab the headlines,104,2.5962,1.3403
Grin from ear to ear,105,3.8952,0.9798
Hang in the balance,104,2.8269,1.3252
Hang on someone's every word,104,3.4615,1.1399
Hang someone out to dry,104,3.4904,1.1824
Hate someone's guts,104,4.1538,0.9731
Have a bad hair day,104,3.9712,1.1529
Have a bird's-eye view,107,3.215,1.2211
Have a bone to pick ,103,3.7087,1.0444
Have a brainstorm,104,3.7212,1.1529
Have a change of heart,105,4.2286,0.8907
Have a chip on one's shoulder,107,3.7383,1.1188
Have a claim to fame,104,3.0673,1.2942
Have a clean break,103,3.301,1.3123
Have a crack at something,104,3.1635,1.2627
Have a field day,109,3.5413,1.3161
Have a fighting chance,104,3.6442,1.1227
Have a gentlemen's agreement,106,2.566,1.2423
Have a gleam in one's eye,105,3.0286,1.2439
Have a good head on one's shoulders,107,3.9439,1.106
Have a hidden agenda,109,3.6881,1.1442
Have a knee-jerk reaction,107,3.2804,1.2347
Have a long way to go,107,4.028,1.0229
Have a lot on one's plate,104,4.1346,1.034
Have a lump in one's throat,106,3.5755,1.1948
Have a one-track mind,104,3.9615,1.0787
Have a passing acquaintance with someone,104,2.375,1.24
Have a screw loose,103,3.835,1.1384
Have a silver lining,105,3.6571,1.1337
Have a sneaking suspicion,104,3.5481,1.2218
Have a stab at something,107,3.3178,1.1704
Have a sweet tooth,105,4.2952,0.8762
Have a taste of one's own medicine,106,3.783,1.078
Have a thick skin,107,3.8879,1.0124
Have an attitude problem,106,4.1981,1.0991
Have an axe to grind,104,3.0096,1.2108
Have bad blood (between),107,3.1402,1.2397
Have butterflies in one's stomach,103,4.1165,0.9107
Have eyes in the back of one's head,104,3.875,1.0018
Have had one/a few too many,105,4.1143,0.9437
Have one's eye on something,103,3.9126,1.0108
Have one's foot in the door,104,3.75,1.2208
Have one's head in the clouds,104,3.6154,1.1174
Have someone's blood on one's hands,107,2.9626,1.2203
Have something down pat,107,3.4019,1.2352
Have something down to a fine art,103,3.0194,1.2679
Have something on the brain,105,2.2,1.3038
Have something to prove,104,4.0865,0.9962
Have something under one's belt,106,2.4717,1.1564
Have something up one's sleeve,105,3.9619,1.0183
Have the ball in someone's court,104,3.8173,1.0591
Have the goods on someone,107,2.4673,1.3054
Have the last laugh,104,4.0769,0.8441
Have the munchies,106,3.9528,1.2062
Have two left feet,104,3.2981,1.2532
Have your work cut out for you,105,4.2952,0.8871
Hear a pin drop,107,3.3925,1.2794
Hear something through the grapevine,104,3.6635,1.1709
Hedge one's bets,104,2.6346,1.315
Hit a glass ceiling,104,2.6442,1.2991
Hit below the belt,106,3.5377,1.0882
Hit rock bottom,104,4.1538,0.9929
Hit the books,103,3.7961,0.9838
Hit the ground running,104,3.9038,1.084
Hit the hard stuff,109,2.5413,1.2732
Hit the hay,106,3.1604,1.2957
Hit the jackpot,107,4.2243,1.0215
Hit the mark,107,3.3925,1.1876
Hit the nail on the head,104,3.9135,1.255
Hit the sack,107,3.514,1.1765
Hold a candle to something/one,104,2.8846,1.2252
Hold a gun to someone's head,104,3.5,1.2068
Hold all of the cards,107,2.9533,1.2083
Hold all the aces,104,2.0673,1.0727
Hold down the fort,103,3.7282,1.0116
Hold one's own,105,3.9524,1.0953
In the eleventh hour,106,2.6321,1.2598
In the same breath,104,2.6923,1.2701
Join the club,107,3.4299,1.3466
Jump on the bandwagon,105,3.7048,1.1087
Jump through hoops,107,3.6262,1.1535
Keep a low profile,104,3.9423,1.1133
Keep a straight face,103,4.2816,0.8333
Keep an open mind,109,4.2752,0.9317
Keep one's ear to the ground,109,2.5046,1.2738
Keep someone at arm's length,103,3.6602,1.0806
Keep someone guessing,104,3.5865,1.1201
Keep someone in the dark,103,3.9126,1.0395
Keep someone on their toes,104,3.875,1.0944
Keep someone posted,107,4.0561,1.1229
Keep something at bay,104,2.8269,1.0833
Keep something under wraps,106,3.5755,1.0775
Keep your eyes open,104,3.4327,1.2288
Keep your head down,106,3.3774,1.1584
Kill two birds with one stone,103,4.165,0.9193
Kiss something goodbye,105,3.5429,1.2328
Knock heads together,104,2.5,1.2068
Knock someone's socks off,106,3.4245,1.2263
Know one's place,104,3.4327,1.2209
Know something inside out,104,3.7692,1.0814
Know something like the back of one's hand,106,3.934,1.0803
Know the score,106,2.9151,1.4217
Lay down the law,109,3.7248,1.0441
Lay something to rest,106,3.283,1.1609
Learn something the hard way,105,4.2381,0.9459
Learn the ropes,106,3.7453,1.0873
Leave a bad taste in one's mouth,103,4.0291,1.0706
Leave no stone unturned,105,3.381,1.3037
Leave one's mark,107,3.5327,1.1842
Leave oneself wide open,106,3.4057,1.225
Leave someone in the lurch,109,1.9725,1.084
Lend a hand,104,3.9615,1.0513
Lend an ear,104,2.9808,1.2146
Let off steam,106,3.8302,1.0371
Let sleeping dogs lie,109,2.8349,1.3018
Let someone off the hook,103,4.0583,0.9983
Let something slide,103,4.1262,0.977
Let your hair down,107,3.5607,1.2603
Lick one's chops,105,2.619,1.2814
Lick one's wounds,107,3.0935,1.1859
Lie through ones teeth,104,3.8077,1.2853
Live a charmed life,104,2.7115,1.3122
Live in a dream world,104,3.4808,1.1657
Look at the big picture,104,4.2981,0.799
Look like a million bucks,106,3.717,1.1106
Look out for number one,107,3.6636,1.3243
Look the part,106,3.4717,1.2814
Lose one's cool,107,3.8411,1.0916
Lose one's marbles,104,3.4327,1.2677
Lost one's edge,106,2.9906,1.1588
Love someone to bits,106,2.8208,1.2709
Love someone to pieces,103,3.5825,1.2643
Make a beeline for something,106,3.1132,1.2136
Make a break for something,104,3.8462,1.0591
Make a killing,109,4.0275,1.0581
Make a splash,106,2.7358,1.2521
Make an ass of oneself,107,4.2056,1.0617
Make ends meet,104,4.1442,1.1271
Make it big,106,3.8019,1.1906
Make it worth someone's while,103,4.1359,0.8971
Make no bones about something,103,2.7767,1.3715
Make one's bed,107,3.4766,1.2389
Make one's blood boil,104,3.6827,1.1513
Make one's skin crawl,103,3.8447,1.0362
Make out like a bandit,106,3.4717,1.3035
Make someone's day,107,4.5047,0.7317
Make the best of something,109,4.2569,0.9369
Make the first move,103,3.9515,1.042
Mean the world to someone,109,4.0459,0.9849
Meet one's match,104,4.0192,0.9752
Meet someone halfway,106,3.8774,1.0019
Mind one's own business,105,4.4952,0.7611
Miss the boat,108,2.9537,1.4035
Miss the bus,108,3.1019,1.3668
Miss the point,106,4.3396,0.9038
Move up the ladder,103,3.6796,1.148
Name names,104,3.1154,1.2795
Need fresh blood,105,2.5429,1.2012
Nip something in the bud,107,3.6262,1.0143
No bed of roses,106,2.8491,1.2328
No hard feelings,104,4.3269,0.9699
Not be cut out for something,103,3.7476,1.0167
Not be exactly a barrel of laughs,107,2.3738,1.2016
Not be rocket science,104,4.25,0.9528
Not be up to par,107,3.4953,1.1846
Not dream of doing something,105,3.7905,1.141
Not have a clue,107,4.4112,0.8236
Not know someone from Adam,105,2.4381,1.2704
Not lift a finger,103,4,1.0098
Not say a word,104,4.3173,1.1428
Not sleep a wink,104,3.6058,1.2261
Not someone's cup of tea,104,3.8173,1.0406
Not take something lying down,103,3.1262,1.2262
Not taking no for an answer,106,4.3962,0.8359
Off the top of one's head,103,3.9223,1.1175
One of those days,106,4.5189,0.8075
Only have eyes for someone,103,3.6311,1.2126
Open doors for someone,103,3.5631,1.2577
Outstay your welcome,105,3.4286,1.1339
Pass the torch,106,3.0472,1.2753
Pass with flying colors,106,4.1415,0.8776
Pat someone on the back,104,3.6154,1.2092
Pave the way,107,3.6168,1.0958
Pay one's dues,106,3.6321,1.1898
Pay the price,107,4.1402,0.8843
Pick someone's brain,103,3.8252,0.9333
Pick up the ball and run with it,104,3.0673,1.2562
Pick up the tab,107,3.9813,1.0727
Pinch pennies,104,3.6154,1.1684
Place something on a pedestal,109,3.578,1.2494
Play ball,103,3.3981,1.286
Play cat and mouse,103,3.3204,1.0499
Play chicken,104,2.9231,1.2672
Play devil's advocate,103,3.534,1.251
Play one's cards right,107,3.8785,1.0344
Play one's last card,106,2.3208,1.2386
Play something by ear,104,4.1538,0.9324
Play the field,107,3.4766,1.1521
Point someone in the right direction,104,4.1923,0.9861
Preach to the crowd,106,3.0943,1.363
Pull oneself up by their bootstraps,104,2.9615,1.2301
Pull out all the stops,105,3.4571,1.2171
Pull rank on someone,107,3,1.2812
Pull some strings,107,3.8785,1.0252
Pull something out of a hat,109,2.6881,1.3172
Pull something out of the bag,104,2.5673,1.2288
Pull the rug out from under someone,106,3.1226,1.2777
Push someone's buttons,109,4.0275,0.9473
Push your luck,106,4.0094,1.0188
Put a damper on something,104,3.3173,1.1597
Put all one's eggs in one basket,103,3.9223,0.967
Put all your cards on the table,104,3.4231,1.0945
Put down roots,104,2.5577,1.1973
Put on a brave face,105,3.3143,1.2272
Put one's foot down,107,4.1402,0.9462
Put oneself in someone else's shoes,107,4.028,1.1611
Put out feelers,104,2.6154,1.2565
Put someone in their place,107,4.0561,1.0625
Put someone on the spot,109,3.9633,1.138
Put someone out of their misery,109,3.7431,1.1659
Put something on the map,107,2.9813,1.2361
Put something to bed,107,2.6822,1.3146
Put words into someone's mouth,104,3.9904,1.0381
Put your back into it,109,3.2385,1.2612
Quake in one's boots,103,2.6117,1.1983
Rack one's brain,105,3.8381,1.0481
Rain on someone's parade,104,3.5288,1.1984
Rake someone over the coals,103,2.7379,1.3133
Rattle someone's cage,105,3.0667,1.2268
Reach the boiling point,103,3.6602,1.2009
Read between the lines,107,4.1215,0.8871
Read someone like a book,107,3.785,1.0731
Read someone's mind,104,4.2404,0.9399
Read too much into something,105,4.0762,0.8285
Recharge one's batteries,105,3.2095,1.2912
Reinvent the wheel,105,2.6667,1.2835
Remain nameless,106,2.8962,1.2644
Rest one's case,103,3.4369,1.1085
Rise to the bait,105,1.7048,1.0735
Rock the boat,104,3.5,1.024
Roll out the red carpet,104,3.4231,1.1962
Roll up one's sleeves,103,3.4563,1.178
Roll with the punches,106,3.434,1.1712
Rub someone's nose in something,106,3.5755,1.146
Run someone ragged,106,3.0943,1.2385
Run something into the ground,107,3.1495,1.1959
Saved by the bell,107,3.2804,1.2423
Say something behind someone's back,107,4.2897,1.0095
Say something under one's breath,106,3.8396,1.2043
Scare someone out of their wits,107,3.1028,1.317
Scare the living daylights out of someone,104,3.8269,1.0923
Score points with someone,104,3.2115,1.2202
Scrape the bottom of the barrel,104,3.2788,1.2499
Scratch the surface,105,3.619,1.0865
See the color of someone's money,104,1.8077,1.1327
See the light,104,3.7788,1.1056
See the light of day,106,3.2925,1.2342
Sell like hot cakes,106,3.6509,1.1795
Sell someone short,104,3.2212,1.2615
Send a chill down one's spine,104,3.9231,0.9823
Send someone packing,105,3.581,1.0632
Set the record straight,106,4.066,1.0167
Set the stage,104,3.1827,1.2445
Set up shop,107,3.2897,1.1493
Set your heart on something,104,3.7308,1.1843
Share common ground,104,3.5096,1.2148
She won't bite,106,3.3868,1.3492
Shoot oneself in the foot,104,3.4327,1.2905
Shoot the breeze,109,3.1743,1.3183
Shout something from the rooftops,107,2.8972,1.2434
Show one's true colors,107,3.8972,1.0455
Show someone the door,103,3.6408,1.0371
Show someone who's boss,103,3.8058,0.9399
Sign on the dotted line,107,3.4579,1.2231
Sing someone's praises,106,3.1415,1.3125
Sink or swim,105,3.3524,1.1264
Sit up and take notice,107,3.0093,1.3139
Sleep like a baby,104,4.4519,0.799
Slip someone's mind,104,4.3654,0.8251
Smell a rat,103,3.3204,1.2225
Soften the blow,107,3.3271,1.2345
Someone's bark is worse than their bite,105,3.7429,1.0922
Someone's days are numbered,104,3.7404,1.0972
Someone's hands are tied,106,4.0189,0.9854
Something has seen better days,106,3.8774,1.0574
Something the cat dragged in,103,3.466,1.136
Speak the same/someone's language,106,3.6038,1.1685
Speak your mind,105,4.4095,0.8514
Spill one's guts,106,3.7736,0.9883
Spread one's wings,105,3.019,1.1264
Spread oneself too thin,104,3.625,1.1507
Stand one's ground,103,4.2039,0.8785
Stand out from the crowd,105,3.9238,0.9971
Stand the test of time,106,3.6604,1.1455
Stay on track,103,4.0388,1.009
Steal someone's thunder,104,2.9519,1.3393
Steal the show,104,3.625,1.2556
Stick one's neck out,106,3.3019,1.0251
Strike a chord with someone,103,3.2913,1.0159
Strike gold,104,3.3654,1.2851
Strike while the iron is hot,107,2.8879,1.369
Swallow one's pride,107,3.8318,1.0594
Sweep the board,105,1.981,1.0376
Take a beating,109,3.8807,1.1363
Take a bite out of something,103,2.7864,1.2807
Take a raincheck,103,3.7767,0.9795
Take a trip down memory lane,107,3.757,1.0975
Take its toll,104,3.9808,0.9851
Take one's breath away,104,3.9808,1.0519
Take someone at their word,105,3.7619,1.1728
Take someone down a peg or two,104,2.8462,1.1639
Take someone under one's wing,107,3.3925,1.1876
Take something by storm,103,3.2816,1.208
Take something the wrong way,105,4.3048,0.9418
Take the cake,103,3.165,1.2375
Take the easy way out,104,4.0769,0.8668
Take the edge off something,107,3.6822,1.1623
Take the plunge,107,3.3178,1.0693
Take the rap for something,107,3.0187,1.2737
Take your pick,105,3.419,1.3066
Talk shop,104,2.9135,1.3374
Teach someone a thing or two,106,3.6698,1.2167
Teach someone the ropes,107,3.4112,1.1892
Tear your hair out,105,3.3524,1.2088
Tempt fate,105,3.2381,1.1225
Test the waters,107,3.486,1.0848
Thank ones lucky stars,103,3.5825,1.2088
The honeymoon is over,104,3.4808,1.1985
Think on one's feet,104,3.6442,1.1399
Think outside the box,106,4.1981,0.9504
Throw a fit,104,4.3558,0.8115
Throw caution to the wind,105,3.2762,1.156
Throw one's hat in the ring,105,2.6667,1.2142
Throw someone a curveball,109,3.4679,1.1751
Throw someone off balance,103,3.4272,1.3106
Throw someone to the dogs,104,2.9808,1.2305
Throw your weight around,104,3.3365,1.1709
Tie up loose ends,104,3.8558,1.1097
Tip the balance,107,2.3738,1.1287
To go ape,104,2.3269,1.2729
To mean business,106,4.2358,0.8569
Touch base,106,3.8208,1.1364
Treat someone like dirt,105,3.9238,0.9874
Tug at someone's heartstrings,107,3.2617,1.2235
Turn a deaf ear to something,104,2.8558,1.2261
Turn over a new leaf,104,3.4808,1.2462
Turn something inside out,104,3.0673,1.3457
Turn the tables,103,3.6117,1.1735
Turn your back on something,104,3.4615,1.1818
Twist someone's arm,103,3.6505,1.1351
Up the ante,106,3.4057,1.1193
Upset the applecart,107,1.5981,1.0448
Use someone as a punching bag,107,2.8692,1.2965
Vanish into thin air,107,3.8972,1.0365
Wait on someone hand and foot,107,3.8131,1.1
Walk on air,107,3.028,1.2089
Walk on eggshells,106,3.7264,1.1673
Want a piece of the action,107,3.514,1.1105
Waste one's breath,109,3.8532,1.185
Watch one's mouth,103,4,1.0098
Watch someone like a hawk,103,3.9126,1.0582
Watch your back,104,3.9519,1.1181
Wear more than one hat,104,2.3462,1.2754
Wear one's heart on their sleeve,104,3.4808,1.1822
Welcome someone with open arms,107,4.028,1.0942
Whet someone's appetite,104,2.5,1.2997
Wield the axe,105,1.9905,1.1643
Win brownie points,105,3.3333,1.1658
Wine and dine someone,103,3.5922,1.1327
Wipe the grin off someone's face,105,3.2381,1.2521
With a vengeance,106,3.2453,1.1025
With bated breath,106,2.0943,1.2764
With one's back to the wall,104,3.1154,1.287
Without missing a beat,106,3.9151,1.0521
Won't break the bank,105,3.1905,1.2333
Work like a charm,106,4.2453,0.8598
Wrap someone around one's little finger,109,3.7615,1.1619
Write the book on something,104,2.9231,1.3123
Zip one's lip,106,3.0849,1.1801